restaurant,restaurantLabel,coordinate,address,cuisineLabel,website
http://www.wikidata.org/entity/Q1105811,Q1105811,Point(-122.269016666 37.879580555),1517 Shattuck Avenue,Gastronomía de California,http://www.chezpanisse.com/
http://www.wikidata.org/entity/Q135278358,Q135278358,Point(-115.762166666 40.829916666),"351 Silver Street - Elko, NV 89801",,
http://www.wikidata.org/entity/Q4549055,1321 Downtown Taproom Bistro,Point(-118.315 33.8342),,,http://www.1321downtown.com
http://www.wikidata.org/entity/Q125774408,1501 Uptown Gastropub,Point(-116.5472 33.8433),,,
http://www.wikidata.org/entity/Q4631029,21st Amendment Brewery,Point(-122.176549 37.711498),"2010 Willams St San Leandro, CA 94577",,https://21st-amendment.com/
http://www.wikidata.org/entity/Q4631029,21st Amendment Brewery,Point(-122.176549 37.711498),"563 2nd St, San Francisco, CA 94107",,https://21st-amendment.com/
http://www.wikidata.org/entity/Q130611345,715,Point(-118.2368 34.0455),,,
http://www.wikidata.org/entity/Q4643194,72 Market Street Oyster Bar and Grill,Point(-118.473 33.9882),,,
http://www.wikidata.org/entity/Q135651288,94th Aero Squadron (restaurant),Point(-118.4887 34.2177),,,
http://www.wikidata.org/entity/Q19863966,A16,Point(-122.442081 37.799931),,gastronomía de Italia,http://www.a16sf.com/
http://www.wikidata.org/entity/Q61759147,ARIA Patisserie,Point(-115.176582 36.107352),,,https://www.aria.com/en/restaurants/aria-patisserie.html
http://www.wikidata.org/entity/Q20977858,Aatxe,Point(-122.43061389 37.76669167),,gastronomía vasca,http://aatxesf.com
http://www.wikidata.org/entity/Q115799239,Acquerello,Point(-122.421472222 37.791583333),,,
http://www.wikidata.org/entity/Q4678154,Ad Hoc,Point(-122.35857 38.39921),,,http://adhocrestaurant.com/
http://www.wikidata.org/entity/Q115803839,Addison,Point(-117.199027777 32.941527777),,,
http://www.wikidata.org/entity/Q60209875,Agate Cove Inn,Point(-123.799529 39.316241),11201 Lansing Street,,http://www.agatecove.com
http://www.wikidata.org/entity/Q60209875,Agate Cove Inn,Point(-123.79928 39.31606),11201 Lansing Street,,http://www.agatecove.com
http://www.wikidata.org/entity/Q121189877,Al's Place,Point(-122.420138888 37.749027777),,,
http://www.wikidata.org/entity/Q4705967,Alamo Mucho Station,Point(-115.24861111 32.61083333),,,
http://www.wikidata.org/entity/Q17485547,Albion River Inn,Point(-123.770811111 39.22985),,,http://albionriverinn.com/
http://www.wikidata.org/entity/Q7305590,Alien Pizza Planet,Point(-117.916971 33.810522),,Q177,https://disneyland.disney.go.com/dining/disneyland/alien-pizza-planet/
http://www.wikidata.org/entity/Q16250733,Alioto's,Point(-122.416084 37.8087),,gastronomía de Italia,https://aliotos.com/
http://www.wikidata.org/entity/Q122834651,All Spice,Point(-122.315694444 37.552916666),,,
http://www.wikidata.org/entity/Q136463639,Alta Adams,Point(-118.36 34.032777777),,,
http://www.wikidata.org/entity/Q60044674,Alvarado Street Brewery,Point(-121.89478 36.599331),,,http://www.alvaradostreetbrewery.com/
http://www.wikidata.org/entity/Q124031747,Ame,Point(-122.401666666 37.786388888),,,
http://www.wikidata.org/entity/Q61758244,American Fish,Point(-115.176532 36.107276),,restaurante de comida marina,
http://www.wikidata.org/entity/Q120142489,Anajak Thai,Point(-118.453333333 34.151527777),,,
http://www.wikidata.org/entity/Q136992408,Andre's,Point(-115.1415 36.1649),,,
http://www.wikidata.org/entity/Q61968367,Andrea's,Point(-115.165763 36.129162),,gastronomía de Asia,https://www.wynnlasvegas.com/dining/fine-dining/andreas
http://www.wikidata.org/entity/Q121189718,Angler,Point(-122.392222222 37.793055555),,,
http://www.wikidata.org/entity/Q136463641,Animal,Point(-118.361666666 34.079166666),,,
http://www.wikidata.org/entity/Q4764750,Animal,Point(-118.361 34.0792),,,
http://www.wikidata.org/entity/Q106777569,Annie's Kitchen,Point(-115.144800663 36.185169602),"1212 D St, Las Vegas, NV 89106",,
http://www.wikidata.org/entity/Q64748829,Anthony’s Fishette,Point(-117.1758187 32.719707),1360 N Harbor Dr,gastronomía de Estados Unidos,
http://www.wikidata.org/entity/Q64748829,Anthony’s Fishette,Point(-117.1758187 32.719707),1360 N Harbor Dr,producto del mar,
http://www.wikidata.org/entity/Q133456326,Antico Nuovo,Point(-118.31101 34.07665),,,
http://www.wikidata.org/entity/Q127592542,Aphotic,Point(-122.402 37.782),,,
http://www.wikidata.org/entity/Q140043393,Applewood Inn,Point(-122.988888888 38.499444444),,,
http://www.wikidata.org/entity/Q64149060,Arawan Thai Bistro and Dessert,Point(-115.142489 36.142307),953 E. Sahara Ave. Suite E-14,gastronomía de Tailandia,http://arawanthaibistro.com/
http://www.wikidata.org/entity/Q24439147,Art's Famous Chili Dog Stand,Point(-118.300846 33.974387),,Chili dog,
http://www.wikidata.org/entity/Q121408949,Asanebo,Point(-118.391805555 34.143611111),,,
http://www.wikidata.org/entity/Q124031759,Aster,Point(-122.423026 37.755096),"1001 Guerrero Street, San Francisco, California, 94110",,
http://www.wikidata.org/entity/Q117876697,Athenian Grill,Point(-122.039084784 38.237919646),750 Kellogg St,gastronomía de Grecia,
http://www.wikidata.org/entity/Q17491286,Auburn Alehouse,Point(-121.07849 38.89534),,,http://auburnalehouse.com/
http://www.wikidata.org/entity/Q38585977,Audiffred Building,Point(-122.39138889 37.79333333),,,
http://www.wikidata.org/entity/Q61968543,Aureole,Point(-115.176485 36.091255),3950 Las Vegas Blvd South,gastronomía de Estados Unidos,http://www.charliepalmer.com/aureole-las-vegas/
http://www.wikidata.org/entity/Q121307986,Avery,Point(-122.432777777 37.784027777),,,
http://www.wikidata.org/entity/Q75462963,Award Wieners,Point(-117.918151 33.807736),,gastronomía de Estados Unidos,https://disneyland.disney.go.com/dining/disney-california-adventure/award-wieners/
http://www.wikidata.org/entity/Q130372805,Azizam,Point(-118.2737 34.0837),,,
http://www.wikidata.org/entity/Q107616792,B&V Whiskey Bar & Grill,Point(-122.456218681 38.29342481),"400 1st St E Sonoma, CA 95476",gastronomía de Estados Unidos,http://bvsonoma.com/
http://www.wikidata.org/entity/Q107616792,B&V Whiskey Bar & Grill,Point(-122.456218681 38.29342481),"400 1st St E Sonoma, CA 95476",gastronomía de Italia,http://bvsonoma.com/
http://www.wikidata.org/entity/Q107791368,BL Brasserie,Point(-120.688695271 35.626967477),"1202 Pine St, Paso Robles, CA 93446",gastronomía de Francia,http://www.bistrolaurent.com
http://www.wikidata.org/entity/Q21189232,Bacchanal Buffet,Point(-115.176249 36.11592),3570 South Las Vegas Boulevard Ground Floor,,https://www.caesars.com/caesars-palace/restaurants/bacchanal-buffet
http://www.wikidata.org/entity/Q61986944,Bachi Burger,Point(-115.15295 36.042671),470 E Windmill Ln Ste 105,gastronomía de Estados Unidos,https://bachiburger.com/
http://www.wikidata.org/entity/Q61986944,Bachi Burger,Point(-115.15295 36.042671),470 E Windmill Ln Ste 105,gastronomía de Asia,https://bachiburger.com/
http://www.wikidata.org/entity/Q63843667,Backyard,Point(-122.891981 38.473485),6566 Front St,Nueva cocina estadounidense,http://www.backyardforestville.com/
http://www.wikidata.org/entity/Q116181336,Bagdad Café,Point(-116.6433 34.81965),,,
http://www.wikidata.org/entity/Q131735906,Bakers Bench,Point(-118.2469 34.0654),,,
http://www.wikidata.org/entity/Q116154006,Bam-Bam's Café,Point(-115.151814 36.105427469),"4647 Paradise Rd, Las Vegas, NV 89169",,
http://www.wikidata.org/entity/Q131367492,Bambino's Pizza,Point(-122.015477088 37.982735187),,,https://www.bambinosrestaurants.com/
http://www.wikidata.org/entity/Q122809705,Bar Crenn,Point(-122.435944444 37.798416666),,,
http://www.wikidata.org/entity/Q61758127,BarMASA,Point(-115.176061 36.108753),,gastronomía de Japón,
http://www.wikidata.org/entity/Q61968714,Bardot Brasserie,Point(-115.176531 36.107271),3730 Las Vegas Boulevard,gastronomía de Francia,https://www.michaelmina.net/restaurants/las-vegas/bardot-brasserie/
http://www.wikidata.org/entity/Q122199190,Barndiva,Point(-122.869361111 38.609638888),,,
http://www.wikidata.org/entity/Q136469320,Baroo,Point(-118.2347 34.0472),,,
http://www.wikidata.org/entity/Q64357602,Barrio Cocina Mexicana,Point(-122.8203493 38.4042264),6760 McKinley St #140,gastronomía de México,http://barriobayarea.com/
http://www.wikidata.org/entity/Q121143526,Bastide,Point(-118.375833333 34.08375),,,
http://www.wikidata.org/entity/Q85746004,Bavel,Point(-118.232707 34.041428),,Gastronomía de Israel,https://baveldtla.com
http://www.wikidata.org/entity/Q61693853,Bavette's Steakhouse & Bar,Point(-115.175174 36.104794),,gastronomía de Estados Unidos,http://bavettessteakhouse.com/las-vegas/
http://www.wikidata.org/entity/Q61968872,Bazaar Meat by José Andrés,Point(-115.157024 36.143379),2535 S Las Vegas Boulevard,,https://slslasvegas.com/restaurants-bars/bazaar-meat-by-jose-andres/
http://www.wikidata.org/entity/Q75064375,Beer Park,Point(-115.172598 36.111858),3655 S Las Vegas Blvd,,https://www.beerpark.com/
http://www.wikidata.org/entity/Q76435612,Bengal Barbecue,Point(-117.920294 33.811565),1313 S Harbor Blvd,gastronomía de Estados Unidos,https://disneyland.disney.go.com/dining/disneyland/bengal-barbecue/
http://www.wikidata.org/entity/Q4894563,Bernstein's Fish Grotto,Point(-122.408 37.7859),,,
http://www.wikidata.org/entity/Q76529977,Big Thunder Ranch Barbecue,Point(-117.92032 33.813003),,parrillada,
http://www.wikidata.org/entity/Q115806058,Birdsong,Point(-122.410416666 37.779444444),,,
http://www.wikidata.org/entity/Q63872593,Bistro Don Giovanni,Point(-122.3264735 38.3446812),4110 Howard Ln,gastronomía de Italia,http://bistrodongiovanni.com/
http://www.wikidata.org/entity/Q61655112,Bistro Jeanty,Point(-122.359792 38.401082),,gastronomía de Francia,http://www.bistrojeanty.com/
http://www.wikidata.org/entity/Q60059490,Bistro Moulin,Point(-121.902658 36.61724),867 Wave Street,gastronomía de Francia,http://www.bistromoulin.com
http://www.wikidata.org/entity/Q107637922,Bistro Napa,Point(-119.794451745 39.489012241),,producto del mar,https://atlantiscasino.com/dining/fine-dining/atlantis-bistro-napa
http://www.wikidata.org/entity/Q107637922,Bistro Napa,Point(-119.794451745 39.489012241),,steakhouse,https://atlantiscasino.com/dining/fine-dining/atlantis-bistro-napa
http://www.wikidata.org/entity/Q107637922,Bistro Napa,Point(-119.794451745 39.489012241),,Nueva cocina estadounidense,https://atlantiscasino.com/dining/fine-dining/atlantis-bistro-napa
http://www.wikidata.org/entity/Q4928862,Blue Bayou Restaurant,Point(-117.9209931 33.8111217),,Gastronomía cajún,https://disneyland.disney.go.com/dining/disneyland/blue-bayou-restaurant/
http://www.wikidata.org/entity/Q116154072,Blue Flame Café,Point(-115.151675764 36.105237278),"4643 Paradise Rd, Las Vegas, NV 89169",,
http://www.wikidata.org/entity/Q107747979,Blue Ridge Kitchen,Point(-122.820965931 38.403926766),"6770 McKinley St Ste 150, Sebastopol, CA 95472",gastronomía del sur de Estados Unidos,https://brkitchen.com/
http://www.wikidata.org/entity/Q130187699,Bluebird Cafe,Point(-123.11641365 38.973530917),13340 US-101,,
http://www.wikidata.org/entity/Q140243164,Bob Taylor's Ranch House,Point(-115.2457 36.2748),,,
http://www.wikidata.org/entity/Q4931577,Bob's Big Boy,Point(-118.3462 34.1524),"4211 W Riverside Dr, Burbank, CA 91505",,https://bobs.net/
http://www.wikidata.org/entity/Q16844402,Bono's Restaurant and Deli,Point(-117.469 34.1064),15395 Foothill Boulevard,,
http://www.wikidata.org/entity/Q109125189,Boomtown Steakhouse,Point(-119.963534212 39.511698366),2100 Garson Rd,,https://boomtownreno.com/steakhouse/
http://www.wikidata.org/entity/Q113039946,Bored & Hungry,Point(-118.163090833 33.775719),,,
http://www.wikidata.org/entity/Q63779314,Botero,Point(-115.165704 36.127619),,beefsteak,
http://www.wikidata.org/entity/Q16971747,Bottega Louie,Point(-118.256944444 34.046944444),,,https://www.bottegalouie.com/
http://www.wikidata.org/entity/Q15991439,Bouchon,Point(-122.361905 38.402645),,gastronomía de Francia,http://www.thomaskeller.com/yountville-california/bouchon-bistro
http://www.wikidata.org/entity/Q61969122,Bouchon,Point(-115.170443 36.122873),3355 S Las Vegas Blvd #10101,gastronomía de Francia,https://www.thomaskeller.com/bouchonlasvegas
http://www.wikidata.org/entity/Q21188146,Boulevard,Point(-122.393055555 37.793055555),,Nueva cocina estadounidense,http://www.boulevardrestaurant.com/#intro
http://www.wikidata.org/entity/Q23901180,Brent's Deli,Point(-118.762751 34.191584),19565 Parthenia Street,gastronomía judía,http://www.brentsdeli.com/
http://www.wikidata.org/entity/Q113976454,Britannia Pub,Point(-118.495416666 34.015944444),,,
http://www.wikidata.org/entity/Q63861165,Brix Restaurant and Gardens,Point(-122.385766 38.415697),7377 St Helena Hwy,Nueva cocina estadounidense,https://www.brix.com/
http://www.wikidata.org/entity/Q137701076,Brockton Villa,Point(-117.2715417 32.849867),"1235 Coast Blvd, La Jolla, CA 92037",,
http://www.wikidata.org/entity/Q140236219,Brodard,Point(-117.9549 33.7289),,,
http://www.wikidata.org/entity/Q3520148,Brown Derby,Point(-118.297 34.0596),,gastronomía de Estados Unidos,
http://www.wikidata.org/entity/Q74941599,Buca di Beppo,Point(-115.175497 36.099363),3850 S Las Vegas Blvd,gastronomía de Italia,https://locations.bucadibeppo.com/us/nv/las-vegas/3850-s-las-vegas-blvd
http://www.wikidata.org/entity/Q123508552,Buck's Place,Point(-122.48525853 38.300337033),401 Grove Street,,https://www.bucks-place.com/
http://www.wikidata.org/entity/Q19865766,Buck's of Woodside,Point(-122.255 37.4297),,,http://buckswoodside.com
http://www.wikidata.org/entity/Q61708131,Buckeye Roadhouse,Point(-122.516408 37.878604),,Gastronomía de California,https://www.buckeyeroadhouse.com
http://www.wikidata.org/entity/Q61969421,Buddy V's Ristorante,Point(-115.170102 36.123216),3327 S Las Vegas Boulevard,gastronomía de Italia,https://www.venetian.com/restaurants/buddy-v-ristorante.html
http://www.wikidata.org/entity/Q64166160,Buffalo Burger,Point(-122.4765313 37.7803083),5317 Geary Blvd,gastronomía de Estados Unidos,
http://www.wikidata.org/entity/Q66789557,Buffalo Chips,Point(-120.802972 38.3942949),,gastronomía de Estados Unidos,
http://www.wikidata.org/entity/Q132477495,Bulgarini Vino Cucina,Point(-118.132138888 34.190805555),,,
http://www.wikidata.org/entity/Q131191651,Burrito Express,Point(-118.117638888 34.169277777),,,
http://www.wikidata.org/entity/Q108817023,C Casa,Point(-122.281649749 38.301830714),,gastronomía de México,https://www.myccasa.com/
http://www.wikidata.org/entity/Q62032232,CATCH Las Vegas,Point(-115.176584 36.107338),,,https://www.aria.com/en/restaurants/catch.html
http://www.wikidata.org/entity/Q61872209,Cabo Wabo Cantina,Point(-115.17221 36.111089),,,http://www.cabowabocantina.com/vegas/
http://www.wikidata.org/entity/Q23845394,Cadillac Jack's,Point(-118.39627 34.24138),9457 San Fernando Road,,
http://www.wikidata.org/entity/Q65079269,Caesar's,Point(-117.037065 32.532087),,,
http://www.wikidata.org/entity/Q58224352,Cafe 77,Point(-123.354232 39.411484),,,
http://www.wikidata.org/entity/Q61987063,Cafe Bellagio,Point(-115.17681 36.112017),3600 South Las Vegas Boulevard,Nueva cocina estadounidense,
http://www.wikidata.org/entity/Q60448586,Cafe Citti,Point(-122.550341 38.418181),9049 Sonoma Highway,,http://www.cafecitti.com/
http://www.wikidata.org/entity/Q5017101,Cafe Frankenstein,Point(-117.796 33.5469),,,
http://www.wikidata.org/entity/Q43670934,Cafe La Haye,Point(-122.455875 38.291944444),,Nueva cocina estadounidense,
http://www.wikidata.org/entity/Q107689561,Cafe Ohlone,Point(-122.255245084 37.870261032),"102 Anthropology and Art Practice Building, Berkeley, CA 94720",Native American cuisine in the United States,https://www.makamham.com/cafeohlone
http://www.wikidata.org/entity/Q76444065,Cafe Orleans,Point(-117.921229 33.811169),1313 S Harbor Blvd,gastronomía del sur de Estados Unidos,https://disneyland.disney.go.com/dining/disneyland/cafe-orleans/
http://www.wikidata.org/entity/Q5017151,Caffe Trieste,Point(-122.407 37.7987),,,
http://www.wikidata.org/entity/Q116154086,Café Luna,Point(-115.151816682 36.105431805),"4647 Paradise Rd, Las Vegas, NV 89169",,
http://www.wikidata.org/entity/Q18706021,Café Montmartre,Point(-118.339 34.1019),,,
http://www.wikidata.org/entity/Q61758980,Café Vettro,Point(-115.176674 36.108276),3730 Las Vegas Blvd S,gastronomía de Estados Unidos,
http://www.wikidata.org/entity/Q109109938,Café Whitney,Point(-119.814155865 39.528034713),255 N Virginia,,https://www.cafewhitney.com/
http://www.wikidata.org/entity/Q116153972,Café del Sol,Point(-115.151814 36.105427471),"4647 Paradise Rd, Las Vegas, NV 89169",,
http://www.wikidata.org/entity/Q108793361,Cajun Kitchen Cafe,Point(-120.457140078 34.662625601),,,https://www.lompoccajunkitchen.com/
http://www.wikidata.org/entity/Q120786170,Calaca Mamas Cantina,Point(-117.9149 33.8093),,gastronomía de México,https://www.calacamamas.com/
http://www.wikidata.org/entity/Q111954207,Californios,Point(-122.41296 37.77141),,,
http://www.wikidata.org/entity/Q63887909,Call-Booth House,Point(-120.6966069 35.6278915),1315 Vine Street,,
http://www.wikidata.org/entity/Q65063472,Campanile,Point(-118.343694444 34.064166666),,Gastronomía de California,
http://www.wikidata.org/entity/Q115803013,Camphor,Point(-118.23425 34.046638888),,,
http://www.wikidata.org/entity/Q130453818,Camélia,Point(-118.2326 34.0356),,,
http://www.wikidata.org/entity/Q61782319,Canaletto Ristorante Veneto,Point(-115.16894 36.122988),,gastronomía de Italia,https://www.venetian.com/restaurants/canaletto.html
http://www.wikidata.org/entity/Q68403515,Carnation Cafe,Point(-117.919078 33.811061),,gastronomía de Estados Unidos,https://disneyland.disney.go.com/dining/disneyland/carnation-cafe/
http://www.wikidata.org/entity/Q61970279,Carnegie Deli,Point(-115.173664 36.120582),3400 Las Vegas Blvd. S,,https://www.mirage.com/en/restaurants/carnegie-delicatessen.html
http://www.wikidata.org/entity/Q5044022,Carney's,Point(-118.37166667 34.09583333),,,
http://www.wikidata.org/entity/Q64114905,Carnitas El Momo,Point(-118.2038948 34.0519975),2411 Fairmount St,gastronomía de México,
http://www.wikidata.org/entity/Q61978162,Carnival World Buffet,Point(-115.188841 36.117508),,,
http://www.wikidata.org/entity/Q113006284,Carousel Restaurant Hollywood,Point(-118.301146503 34.101401273),"5112 Hollywood Blvd #107, Los Angeles, CA 90027",gastronomía de Armenia,https://www.carouselrestaurant.com/
http://www.wikidata.org/entity/Q61982078,Carson Kitchen,Point(-115.140665 36.167918),"124 S. 6th St., Suite 100",Nueva cocina estadounidense,http://www.carsonkitchen.com/
http://www.wikidata.org/entity/Q75339567,Carthay Circle Restaurant,Point(-117.918962 33.80743),,gastronomía de Estados Unidos,https://disneyland.disney.go.com/dining/disney-california-adventure/carthay-circle-restaurant/
http://www.wikidata.org/entity/Q121536450,Caruso's,Point(-119.628194444 34.419722222),,,
http://www.wikidata.org/entity/Q49477131,Casa De Tableta,Point(-122.193888888 37.382222222),"3915 Alpine Road, Portola Valley, California",,https://www.alpineinnpv.com/
http://www.wikidata.org/entity/Q117149006,Casa Vega,Point(-118.422777777 34.146805555),"13301 Ventura Blvd, Sherman Oaks, CA 91423",gastronomía de México,https://www.casavega.com/
http://www.wikidata.org/entity/Q22077959,Casanova,Point(-121.92132222 36.55684722),,gastronomía de Francia,http://casanovarestaurant.com
http://www.wikidata.org/entity/Q108794309,Catch Seafood Bar & Grill,Point(-120.689203929 35.625622904),836 11th Street,restaurante de comida marina,http://catchseafoodbarandgrill.com/
http://www.wikidata.org/entity/Q130746030,Chad's Cafe,Point(-119.692222222 34.409722222),,,http://www.chadscafe.com/
http://www.wikidata.org/entity/Q61985990,Chada Thai & Wine,Point(-115.224152 36.12739),3400 S Jones Blvd #11A,gastronomía de Tailandia,
http://www.wikidata.org/entity/Q61985990,Chada Thai & Wine,Point(-115.224152 36.12739),3400 South Jones Boulevard,gastronomía de Tailandia,
http://www.wikidata.org/entity/Q5087240,Chasen's,Point(-118.389 34.0774),,,
http://www.wikidata.org/entity/Q134178906,Chef Chu's,Point(-122.113660906 37.400666301),,,
http://www.wikidata.org/entity/Q75066045,Chew & Chug,Point(-115.172279 36.10631),3743 S Las Vegas Blvd #120,,https://www.chewandchug.com/
http://www.wikidata.org/entity/Q5094646,Chez Melange,Point(-118.389 33.8195),,Bistró,http://www.chezmelange.com
http://www.wikidata.org/entity/Q137380005,Chez TJ,Point(-122.080418 37.394635),,,
http://www.wikidata.org/entity/Q125756668,Chi Chi,Point(-116.5481 33.8175),,,
http://www.wikidata.org/entity/Q109937331,Chiaramonte's Deli & Sausages,Point(-121.886666666 37.353055555),,gastronomía ítalo-estadounidense,http://orderchiaramontesdeliandsausages.com/
http://www.wikidata.org/entity/Q5098932,Chili John's,Point(-118.334 34.18),,,http://www.chilijohnsca.com
http://www.wikidata.org/entity/Q62027919,Chin Chin,Point(-115.174651 36.102461),,gastronomía de China,https://chinchin.com/
http://www.wikidata.org/entity/Q132093138,Cholada Thai,Point(-118.584093 34.039106),,gastronomía de Tailandia,https://choladathailongbeach.com/
http://www.wikidata.org/entity/Q121143624,Citrin,Point(-118.491333333 34.024444444),,,
http://www.wikidata.org/entity/Q68805671,Clarabelle's,Point(-117.91919 33.80797),,,https://disneyland.disney.go.com/dining/disneyland/clarabelles-frozen-yogurt/
http://www.wikidata.org/entity/Q68805671,Clarabelle's,Point(-117.91919 33.80797),,,https://disneyland.disney.go.com/dining/disney-california-adventure/clarabelles-hand-scooped-ice-cream/
http://www.wikidata.org/entity/Q75682473,Cocina Cucamonga Mexican Grill,Point(-117.920292 33.80551),,gastronomía de México,https://disneyland.disney.go.com/dining/disney-california-adventure/cocina-cucamonga-mexican-grill/
http://www.wikidata.org/entity/Q113318849,Coffee Dan's Restaurant,Point(-118.32691 34.097909),,,
http://www.wikidata.org/entity/Q113318845,Coffee Dan's Restaurant,Point(-118.2781976 33.9546175),,,
http://www.wikidata.org/entity/Q55607863,Coi (restaurant),Point(-122.4035 37.7981),,,
http://www.wikidata.org/entity/Q263063,Cold Spring Tavern,Point(-119.835 34.5233),,,
http://www.wikidata.org/entity/Q5142607,Cole's Pacific Electric Buffet,Point(-118.249 34.0448),,diner,http://www.colesfrenchdip.com
http://www.wikidata.org/entity/Q115803538,Commis,Point(-122.254888888 37.824722222),"3859 Piedmont Avenue, Oakland, California 94611",,https://commisrestaurant.com
http://www.wikidata.org/entity/Q15211579,Cooke's Wells Station,Point(-114.92638889 32.66944444),,,
http://www.wikidata.org/entity/Q116167320,Cool Cat Café,Point(-115.140652169 36.143568407),"953 E Sahara Ave, Las Vegas, NV 89104",,
http://www.wikidata.org/entity/Q140478270,Corridor 109,Point(-118.3096 34.083),,,
http://www.wikidata.org/entity/Q122199163,Cortez,Point(-122.4125 37.786944444),,,
http://www.wikidata.org/entity/Q104903282,Cosecha,Point(-122.275069444 37.801711111),,gastronomía de México,
http://www.wikidata.org/entity/Q107622478,Courtyard Buffet,Point(-119.816002922 39.531598792),,,
http://www.wikidata.org/entity/Q116534875,Coyote Café,Point(-115.170278731 36.10259444),"3799 S Las Vegas Blvd, Las Vegas, NV 89109",,
http://www.wikidata.org/entity/Q75232373,Cozy Cone Motel,Point(-117.918724 33.805922),,,https://disneyland.disney.go.com/dining/disney-california-adventure/cozy-cone-motel/
http://www.wikidata.org/entity/Q61968783,Crossroads Kitchen,Point(-118.370137 34.083518),,,http://www.crossroadskitchen.com/
http://www.wikidata.org/entity/Q61656499,Cucina Paradiso,Point(-122.640237 38.234587),,gastronomía de Italia,http://www.cucinaparadisopetaluma.com/
http://www.wikidata.org/entity/Q109292324,Cultivo,Point(-123.20817731 39.150631212),108 W Standley St,,https://www.cultivorestaurant.com/
http://www.wikidata.org/entity/Q109028042,Cutthroat's Saloon,Point(-119.943069969 39.240203362),,gastronomía de Estados Unidos,
http://www.wikidata.org/entity/Q123965015,Cyrus,Point(-122.900555555 38.706388888),,,
http://www.wikidata.org/entity/Q23461457,D.Z. Akin's,Point(-117.048981 32.775038),,,http://dzakinsdeli.com/
http://www.wikidata.org/entity/Q140460567,Dahlia Motors Building,Point(-118.2019848 34.1397736),,,
http://www.wikidata.org/entity/Q68754462,Daisy's Diner,Point(-117.918724 33.815512),,Q177,https://disneyland.disney.go.com/dining/disneyland/daisys-diner/
http://www.wikidata.org/entity/Q21189300,Dametra Cafe,Point(-121.92345556 36.55488889),,gastronomía de Grecia,
http://www.wikidata.org/entity/Q126109038,Dan Tana's,Point(-118.389053 34.081757),"9071 Santa Monica Boulevard, West Hollywood, CA 90069",gastronomía ítalo-estadounidense,https://dantanasrestaurant.com/
http://www.wikidata.org/entity/Q132675139,Db Brasserie,Point(-115.168270833 36.124184166),,,
http://www.wikidata.org/entity/Q137178644,Denny's (1822 S Las Vegas Blvd),Point(-115.153916666 36.149694444),,gastronomía de Estados Unidos,https://locations.dennys.com/NV/LAS-VEGAS/240002
http://www.wikidata.org/entity/Q61741268,Denny's (3397 S Las Vegas Blvd),Point(-115.171833333 36.121),,gastronomía de Estados Unidos,https://locations.dennys.com/NV/LAS-VEGAS/200141
http://www.wikidata.org/entity/Q140930861,Denny's (3771 S Las Vegas Blvd),Point(-115.172527777 36.104055555),,gastronomía de Estados Unidos,https://locations.dennys.com/nv/las-vegas/242110
http://www.wikidata.org/entity/Q140922180,Denny's (450 Fremont Street),Point(-115.1415 36.169972222),,gastronomía de Estados Unidos,https://locations.dennys.com/nv/las-vegas/242337
http://www.wikidata.org/entity/Q107627564,Depot Hotel Restaurant,Point(-122.458367228 38.296660981),"241 1st St W, Sonoma, CA, 95476",gastronomía de Italia,http://www.depotsonoma.com/
http://www.wikidata.org/entity/Q121144281,Dialogue,Point(-118.497 34.0166),,,
http://www.wikidata.org/entity/Q126076853,Dining Commons,Point(-122.053917 37.653194),"25800 Carlos Bee Blvd., Hayward, CA 94542",,https://dineoncampus.com/csueb
http://www.wikidata.org/entity/Q122698206,Dio Deka,Point(-121.977166666 37.220888888),,,
http://www.wikidata.org/entity/Q116167558,Disco Le Café,Point(-115.113460753 36.130208248),"2710 E Desert Inn Rd, Las Vegas, NV 89121",,
http://www.wikidata.org/entity/Q76427958,Disney's PCH Grill,Point(-117.924652 33.806224),,gastronomía de Estados Unidos,https://disneyland.disney.go.com/dining/paradise-pier-hotel/disneys-pch-grill/
http://www.wikidata.org/entity/Q5288358,Doggie Diner,Point(-122.502969 37.735461),,,
http://www.wikidata.org/entity/Q111318515,Don Perico Mexican Restaurant,Point(-122.286473449 38.299220244),1106 1st Street,gastronomía de México,http://www.donpericos.com/
http://www.wikidata.org/entity/Q28104110,Donut Wheel,Point(-121.770823 37.680821),2017 First St,,
http://www.wikidata.org/entity/Q128197431,Dudley Market,Point(-118.4797 33.9942),,,
http://www.wikidata.org/entity/Q16967504,Dunlap's Dining Room,Point(-121.455 38.54777778),,,
http://www.wikidata.org/entity/Q76158427,Earl of Sandwich,Point(-117.925329 33.808637),1565 S Disneyland Dr,,https://locations.earlofsandwichusa.com/us/ca/anaheim/1565-s-disneyland-dr
http://www.wikidata.org/entity/Q61694052,Eataly Las Vegas at Park MGM,Point(-115.176018 36.104628),,gastronomía de Italia,https://www.eataly.com/us_en/stores/las-vegas/
http://www.wikidata.org/entity/Q76444806,Edelweiss Snacks,Point(-117.91777 33.81375),,gastronomía de Estados Unidos,https://disneyland.disney.go.com/dining/disneyland/edelweiss-snacks/
http://www.wikidata.org/entity/Q61745908,Eiffel Tower Restaurant,Point(-115.172193 36.112475),,gastronomía de Francia,https://www.caesars.com/paris-las-vegas/restaurants/eiffel-tower-restaurant#.XGjCb89KjOQ
http://www.wikidata.org/entity/Q105594132,El Cholo Spanish Cafe,Point(-118.309051513 34.050662994),1121 S Western Avenue,,https://www.elcholo.com/
http://www.wikidata.org/entity/Q5351079,El Coyote Cafe,Point(-118.349 34.076),,gastronomía de México,http://www.elcoyotecafe.com/
http://www.wikidata.org/entity/Q63980657,El Dorado Cantina,Point(-115.1712687 36.134985),3025 S Sammy Davis Jr Dr,gastronomía de México,https://eldoradovegas.com/
http://www.wikidata.org/entity/Q17515992,El Dorado Kitchen,Point(-122.458967 38.293711),,cuisine of California,http://www.eldoradosonoma.com/
http://www.wikidata.org/entity/Q109620233,El Jefe's Cantina,Point(-119.8149766 39.531543487),500 N. Sierra St.,gastronomía de México,https://www.caesars.com/circus-circus-reno/restaurants/el-jefes-cantina
http://www.wikidata.org/entity/Q122834637,El Paseo,Point(-122.546472222 37.906527777),,,
http://www.wikidata.org/entity/Q85758835,El Tepeyac Café,Point(-118.197638888 34.047777777),,gastronomía de México,
http://www.wikidata.org/entity/Q133091711,Elf Cafe,Point(-118.264639 34.077613),,,
http://www.wikidata.org/entity/Q118614619,Ellie's Mutt Hutt,Point(-123.206422153 39.141516601),732 S State St,gastronomía de Estados Unidos,
http://www.wikidata.org/entity/Q135287593,Enclos,Point(-122.455853 38.291547),,,
http://www.wikidata.org/entity/Q65058365,Ernie's,Point(-122.40373 37.79698),,,
http://www.wikidata.org/entity/Q133821344,Estiatorio Milos Las Vegas,Point(-115.169335 36.121707222),,,
http://www.wikidata.org/entity/Q80120943,Evel Pie,Point(-115.140084 36.169244),,Q177,https://evelpie.com/
http://www.wikidata.org/entity/Q125501332,Faculty Staff Club,Point(-117.071228929 32.776258625),,,https://facultystaffclub.com/
http://www.wikidata.org/entity/Q5437546,Father's Office,Point(-118.498 34.0292),,Gastropub,http://www.fathersoffice.com
http://www.wikidata.org/entity/Q107573055,Fatima's Grill,Point(-118.140777777 33.944027777),,,
http://www.wikidata.org/entity/Q5443649,Fentons Creamery,Point(-122.25006667 37.82799722),,helado,http://www.fentonscreamery.com/
http://www.wikidata.org/entity/Q61970394,FiAMMA Italian Kitchen,Point(-115.1691 36.10292),,gastronomía de Italia,https://www.mgmgrand.com/en/restaurants/fiamma-italian-restaurant-bar.html
http://www.wikidata.org/entity/Q113575417,Filippi's Pizza Grotto,Point(-122.281756034 38.300918303),645 1st St,gastronomía ítalo-estadounidense,https://realcheesepizza.com/
http://www.wikidata.org/entity/Q61986465,Fin,Point(-115.174428 36.121603),,gastronomía de China,
http://www.wikidata.org/entity/Q141305980,First Round Table Pizza restaurant,Point(-122.185 37.4543),,,
http://www.wikidata.org/entity/Q5458873,Fleur de Lys,Point(-122.413 37.7886),,gastronomía de Francia,
http://www.wikidata.org/entity/Q116167617,Flex Cocktail Lounge,Point(-115.199521239 36.158758132),"501 E Twain Ave, Las Vegas, NV 89119",,https://flexlasvegas.com/
http://www.wikidata.org/entity/Q64165900,"Flippin' Good Chicken, Burgers, Beer",Point(-115.1404078 36.1689377),"1027 S Main St, Bldg. C Ste. 210",gastronomía de Estados Unidos,https://flippingood.com/
http://www.wikidata.org/entity/Q75227536,Flo's V8 Cafe,Point(-117.919011 33.805495),,gastronomía de Estados Unidos,https://disneyland.disney.go.com/dining/disney-california-adventure/flos-v8-cafe/
http://www.wikidata.org/entity/Q61986209,Flock and Fowl,Point(-115.139525 36.169879),150 N Las Vegas Blvd #100,gastronomía de China,https://flockandfowl.com/
http://www.wikidata.org/entity/Q5464042,Fog City Diner,Point(-122.402 37.8035),,,
http://www.wikidata.org/entity/Q113516593,Fog Eater Cafe,Point(-123.801791149 39.305070287),45104 Main St,,https://fogeatercafe.com/
http://www.wikidata.org/entity/Q29587276,Forbes Island,Point(-121.5813 37.9728),,,
http://www.wikidata.org/entity/Q29587276,Forbes Island,Point(-122.41244444 37.81058333),,,
http://www.wikidata.org/entity/Q5470221,Formosa Cafe,Point(-118.346 34.0906),,,https://theformosacafe.com/
http://www.wikidata.org/entity/Q110822682,Franchettis Gasthaus + Kitchen,Point(-122.732111453 38.447043371),1229 North Dutton Avenue,,https://www.franchettis.com
http://www.wikidata.org/entity/Q5486561,Frank Fat's Restaurant,Point(-121.4968 38.5786),,gastronomía de China,http://www.fatsrestaurants.com
http://www.wikidata.org/entity/Q61993223,French Market Buffet,Point(-115.202796 36.102759),4500 W Tropicana Ave,,https://www.orleanscasino.com/dine/casual-dining/medley-buffet
http://www.wikidata.org/entity/Q76445213,French Market Restaurant,Point(-117.91695 33.810553),,gastronomía del sur de Estados Unidos,https://disneyland.disney.go.com/dining/disneyland/french-market-restaurant/
http://www.wikidata.org/entity/Q61656339,Frenchie Picnic & Provisions,Point(-122.458259 38.291511),,,https://www.frenchiesonoma.com/
http://www.wikidata.org/entity/Q108990399,Fumo,Point(-119.940084043 39.240750859),120 Country Club Drive 61,,https://fumotahoe.com/
http://www.wikidata.org/entity/Q55646027,Gaige House,Point(-122.52426 38.36642),13540 Arnold Drive,,
http://www.wikidata.org/entity/Q68537172,Galactic Grill,Point(-117.917387 33.812416),,gastronomía de Estados Unidos,https://disneyland.disney.go.com/dining/disneyland/galactic-grill/
http://www.wikidata.org/entity/Q61970450,Gallagher's Steakhouse,Point(-115.174531 36.102646),,gastronomía de Estados Unidos,https://newyorknewyork.mgmresorts.com/en/restaurants/gallaghers-steakhouse.html
http://www.wikidata.org/entity/Q63980829,Gangnam Asian BBQ Dining,Point(-115.1511071 36.109435),4480 Paradise Rd,gastronomía de Japón,http://gangnamasianbbqdining.com/
http://www.wikidata.org/entity/Q63980829,Gangnam Asian BBQ Dining,Point(-115.1511071 36.109435),4480 Paradise Rd,gastronomía de Corea,http://gangnamasianbbqdining.com/
http://www.wikidata.org/entity/Q63980829,Gangnam Asian BBQ Dining,Point(-115.1511071 36.109435),4480 Paradise Rd,Barbacoa coreana,http://gangnamasianbbqdining.com/
http://www.wikidata.org/entity/Q15221405,Gardner’s Wells Station,Point(-115.15138889 32.59666667),,,
http://www.wikidata.org/entity/Q63780531,Genesis Restaurant,Point(-115.20315 36.114817),,gastronomía mediterránea,
http://www.wikidata.org/entity/Q63780531,Genesis Restaurant,Point(-115.20315 36.114817),,comida kosher,
http://www.wikidata.org/entity/Q68812968,Gibson Girl Ice Cream Parlor,Point(-117.9191571 33.8111585),,,https://disneyland.disney.go.com/dining/disneyland/gibson-girl-ice-cream-parlor/
http://www.wikidata.org/entity/Q61779894,Gilley's Saloon,Point(-115.170616 36.124036),,gastronomía de Estados Unidos,http://gilleyslasvegas.com/
http://www.wikidata.org/entity/Q61779894,Gilley's Saloon,Point(-115.170616 36.124036),,parrillada,http://gilleyslasvegas.com/
http://www.wikidata.org/entity/Q5566363,Gladstones Malibu,Point(-118.556666666 34.038333333),,,https://www.gladstones.com/
http://www.wikidata.org/entity/Q107608895,Gold 'N Silver Inn,Point(-119.825284 39.527679),"790 W 4th St Reno, NV 89503",gastronomía de Estados Unidos,https://www.goldnsilverreno.com/
http://www.wikidata.org/entity/Q61970509,Gordon Ramsay Burger,Point(-115.172266 36.110608),,,https://www.caesars.com/planet-hollywood/restaurants/ramsay#.XH4Cds9KjOQ
http://www.wikidata.org/entity/Q61970481,Gordon Ramsay Hell’s Kitchen,Point(-115.1750576 36.1161559),,gastronomía de Estados Unidos,https://www.caesars.com/caesars-palace/restaurants/hells-kitchen
http://www.wikidata.org/entity/Q61970481,Gordon Ramsay Hell’s Kitchen,Point(-115.1750576 36.1161559),,cocina inglesa,https://www.caesars.com/caesars-palace/restaurants/hells-kitchen
http://www.wikidata.org/entity/Q61970481,Gordon Ramsay Hell’s Kitchen,Point(-115.1750576 36.1161559),,Nueva cocina estadounidense,https://www.caesars.com/caesars-palace/restaurants/hells-kitchen
http://www.wikidata.org/entity/Q61671985,Gordon Ramsay Pub & Grill,Point(-115.175747 36.117421),,,https://www.caesars.com/caesars-palace/restaurants/gordon-ramsay-pub-and-grill
http://www.wikidata.org/entity/Q61745891,Gordon Ramsay Steak,Point(-115.171197 36.112784),,,https://www.caesars.com/paris-las-vegas/restaurants/gordon-ramsay-steak
http://www.wikidata.org/entity/Q107012560,Gorilla Barbeque,Point(-122.487700645 37.613431204),"2145 Coast Highway 1, Pacifica, CA 94044",,https://gorillabbq.com
http://www.wikidata.org/entity/Q110831232,Gosby House Inn,Point(-121.919444444 36.621666666),,,
http://www.wikidata.org/entity/Q5364825,Greens Restaurant,Point(-122.4322 37.8067),,,http://www.greensrestaurant.com/
http://www.wikidata.org/entity/Q113456557,Grill-A-Burger,Point(-116.390194444 33.757138888),,,
http://www.wikidata.org/entity/Q123508799,Grossman’s Noshery & Bar,Point(-122.720934508 38.437870979),308 Wilson Street,,https://grossmanssr.com/
http://www.wikidata.org/entity/Q63814684,Grove,Point(-122.280105 38.302782),,gastronomía de Estados Unidos,https://www.ciaatcopia.com/grove/
http://www.wikidata.org/entity/Q122451942,Gucci Osteria da Massimo Bottura,Point(-118.402722222 34.068694444),,,
http://www.wikidata.org/entity/Q61857227,Guy Fieri's Vegas Kitchen & Bar,Point(-115.172373 36.118362),3535 S Las Vegas Blvd,,https://www.caesars.com/linq/hotel/dining/guy-fieri
http://www.wikidata.org/entity/Q115857520,Gwen,Point(-118.333333333 34.097777777),,,
http://www.wikidata.org/entity/Q61741994,Hakkasan,Point(-115.172052 36.101456),,gastronomía de Asia,https://hakkasannightclub.com/
http://www.wikidata.org/entity/Q106777630,Hamburger Heaven,Point(-115.148223492 36.184724233),"1215 E St, Las Vegas, NV 89106",,
http://www.wikidata.org/entity/Q115902339,Hamburger Mary's Las Vegas,Point(-115.130162492 36.115076764),"1700 E Flamingo Rd, Las Vegas, NV 89119",,https://www.hamburgermarys.com/lasvegas/
http://www.wikidata.org/entity/Q106241821,Hana Japanese Restaurant,Point(-122.709781492 38.364257337),101 Golf Course Dr.,gastronomía de Japón,http://www.hanajapanese.com
http://www.wikidata.org/entity/Q137603785,Hana re,Point(-117.88533 33.67719),,,
http://www.wikidata.org/entity/Q122834642,Harbor House,Point(-123.719583333 39.135694444),,,
http://www.wikidata.org/entity/Q76459108,Harbour Galley,Point(-117.92204 33.81204),,gastronomía de Estados Unidos,https://disneyland.disney.go.com/dining/disneyland/harbour-galley/
http://www.wikidata.org/entity/Q61849392,Hard Rock Cafe Las Vegas,Point(-115.172366 36.104214),,,https://www.hardrock.com/cafes/las-vegas/
http://www.wikidata.org/entity/Q63540812,Hare & Hatter Sausage Emporium,Point(-122.456212 38.293241),,gastronomía de Estados Unidos,http://harehatter.com/
http://www.wikidata.org/entity/Q61654609,Harley-Davidson Café,Point(-115.172416 36.107829),3725 Las Vegas Blvd S,gastronomía de Estados Unidos,
http://www.wikidata.org/entity/Q61654609,Harley-Davidson Café,Point(-115.172416 36.107829),3725 Las Vegas Blvd S,parrillada,
http://www.wikidata.org/entity/Q17505665,Harvest Moon Cafe,Point(-122.459193055 38.292318888),,Nueva cocina estadounidense,http://www.harvestmooncafesonoma.com/
http://www.wikidata.org/entity/Q107401952,Harvey's Gourmet Donut Bar,Point(-122.456206149 38.293241438),,,
http://www.wikidata.org/entity/Q121143990,Hatchet Hall,Point(-118.431666666 33.996944444),,,
http://www.wikidata.org/entity/Q121433439,Hatfield's,Point(-118.339861111 34.083611111),,,
http://www.wikidata.org/entity/Q115802082,Hayato,Point(-118.241944444 34.033777777),,,
http://www.wikidata.org/entity/Q77633785,Hearthstone Lounge,Point(-117.922234 33.807584),,,https://disneyland.disney.go.com/dining/grand-californian-hotel/hearthstone-lounge/
http://www.wikidata.org/entity/Q121143528,Heritage,Point(-118.166805555 33.775138888),,,
http://www.wikidata.org/entity/Q130333077,Hijo De Su Madre,Point(-118.431732 34.044493),"2180 Westwood Blvd Unit 1G, Los Angeles",,https://www.mihijodesumadre.com/
http://www.wikidata.org/entity/Q135287599,Hilda and Jesse,Point(-122.410958 37.800097),,,
http://www.wikidata.org/entity/Q61857419,Hofbrauhaus Las Vegas,Point(-115.15158 36.107583),,gastronomía de Alemania,https://www.hofbrauhauslasvegas.com/
http://www.wikidata.org/entity/Q61996835,Holsteins,Point(-115.17538 36.109968),,gastronomía de Estados Unidos,https://holsteinsburgers.com/
http://www.wikidata.org/entity/Q5894869,Hong Kong Noodle Company,Point(-118.250925 34.036286),,,
http://www.wikidata.org/entity/Q23427591,Honor Mansion,Point(-122.87615833 38.62035),,,http://www.honormansion.com
http://www.wikidata.org/entity/Q63866106,HopMonk Tavern Sonoma,Point(-122.458797 38.288648),691 Broadway,,https://www.hopmonk.com/sonoma/
http://www.wikidata.org/entity/Q123508773,Hopland Tap,Point(-123.116120883 38.973349009),"13351 US-101, Hopland",,https://hoplandtap.com/
http://www.wikidata.org/entity/Q61850147,House of Blues,Point(-115.175563 36.093052),,,http://www.houseofblues.com/lasvegas
http://www.wikidata.org/entity/Q60053753,Hula's Island Grill,Point(-121.901882 36.614064),,Gastronomía de California,http://www.hulastiki.com/
http://www.wikidata.org/entity/Q60053753,Hula's Island Grill,Point(-121.901882 36.614064),,Gastronomía de Hawái,http://www.hulastiki.com/
http://www.wikidata.org/entity/Q125981866,Humphrey Yogurt,Point(-118.447 34.153),,,
http://www.wikidata.org/entity/Q5943456,Hungry Bear Restaurant,Point(-117.926391 33.815394),,gastronomía de Estados Unidos,https://disneyland.disney.go.com/dining/disneyland/hungry-bear-restaurant/
http://www.wikidata.org/entity/Q107610177,Ichiban Japanese Steak House,Point(-119.814290125 39.528596704),"345 N Virginia St, Reno, NV 89501",gastronomía de Japón,https://ichibanreno.com/
http://www.wikidata.org/entity/Q130349159,Idle Hour Café,Point(-118.3699 34.1585),,,
http://www.wikidata.org/entity/Q141030459,Ikedas California Country Market & Pie Shop,Point(-121.0551 38.9281),,,
http://www.wikidata.org/entity/Q14682460,Imperial Dynasty restaurant,Point(-119.646889 36.333273),,gastronomía de Francia,
http://www.wikidata.org/entity/Q17486632,Imperial Hotel,Point(-120.824788888 38.419361111),,,http://www.imperialamador.com
http://www.wikidata.org/entity/Q28036896,In Situ,Point(-122.4008 37.785907),,Haute cuisine,http://insitu.sfmoma.org/
http://www.wikidata.org/entity/Q106777633,Irene's Drive-In,Point(-115.148342003 36.187295757),"1500 E St, Las Vegas, NV 89106",,
http://www.wikidata.org/entity/Q64840940,Island Buffet,Point(-119.7999685 39.4976365),2707 S Virginia St,,https://www.peppermillreno.com/dining/casual-dining/island-buffet/
http://www.wikidata.org/entity/Q61970563,JJ's Boulangerie,Point(-115.170135 36.112819),,,https://www.caesars.com/paris-las-vegas/restaurants/jjs-boulangerie
http://www.wikidata.org/entity/Q6114738,Jack Ranch Cafe,Point(-120.29694444 35.72333333),,,
http://www.wikidata.org/entity/Q16850826,Jack's Restaurant,Point(-122.404 37.7936),,,
http://www.wikidata.org/entity/Q63928938,Jacob's Restaurant,Point(-122.4595192 38.2781552),1266 Broadway,gastronomía de Italia,
http://www.wikidata.org/entity/Q141273617,Jake's on the Lake,Point(-120.137 39.1724),,,
http://www.wikidata.org/entity/Q61831697,Jaleo,Point(-115.17416 36.109834),,gastronomía de España,https://www.jaleo.com/location/las-vegas/
http://www.wikidata.org/entity/Q61987331,Japanese Cuisine by Omae,Point(-115.207397 36.123636),,gastronomía de Japón,
http://www.wikidata.org/entity/Q61970538,Jasmine,Point(-115.174994 36.112644),,gastronomía de Cantón,https://www.bellagio.com/en/restaurants/jasmine.html
http://www.wikidata.org/entity/Q61857522,Javier's,Point(-115.176621 36.107323),3730 S Las Vegas Blvd,gastronomía de México,https://www.javiers-cantina.com/pages/las-vegas
http://www.wikidata.org/entity/Q61857549,Jean Georges Steakhouse,Point(-115.176738 36.107),,steakhouse,https://www.aria.com/en/restaurants/jean-georges-steakhouse.html
http://www.wikidata.org/entity/Q65065879,Jeff's Gourmet Sausage Factory,Point(-118.3868 34.0551),,,http://www.jeffsgourmet.com
http://www.wikidata.org/entity/Q115802969,Jeune et Jolie,Point(-117.351722222 33.163027777),,,
http://www.wikidata.org/entity/Q105123786,Joe's Cable Car Restaurant,Point(-122.4319 37.72842),,,
http://www.wikidata.org/entity/Q64005419,Joes Seafood Prime Steak & Stone Crab,Point(-115.1736514 36.1190754),3500 S Las Vegas Blvd,gastronomía de Estados Unidos,https://www.joes.net/las-vegas
http://www.wikidata.org/entity/Q64005419,Joes Seafood Prime Steak & Stone Crab,Point(-115.1736514 36.1190754),3500 S Las Vegas Blvd,producto del mar,https://www.joes.net/las-vegas
http://www.wikidata.org/entity/Q6258989,John Steinbeck House,Point(-121.658056 36.676667),,,http://steinbeckhouse.com/
http://www.wikidata.org/entity/Q6217290,John's Grill,Point(-122.407 37.7854),,,
http://www.wikidata.org/entity/Q18706006,Joshuya Brasserie,Point(-122.259074 37.86526),,,http://www.joshu-ya.com/
http://www.wikidata.org/entity/Q16851409,Joël Robuchon,Point(-115.171 36.1026),,gastronomía de Francia,http://www.joel-robuchon.com
http://www.wikidata.org/entity/Q61758706,Julian Serrano Tapas,Point(-115.17575 36.10833),,,https://www.aria.com/en/restaurants/julian-serrano.html
http://www.wikidata.org/entity/Q61888674,Jumbo Buffet,Point(-115.207613 36.152685),,,
http://www.wikidata.org/entity/Q61987141,Kabuto,Point(-115.209987 36.126576),5040 W Spring Mountain Rd,gastronomía de Japón,https://www.kabutolv.com/
http://www.wikidata.org/entity/Q6344517,Kabuto,Point(-115.211 36.1268),,gastronomía de Japón,http://www.kabutolv.com
http://www.wikidata.org/entity/Q115802786,Kali,Point(-118.324444444 34.083388888),,,
http://www.wikidata.org/entity/Q64166169,Kame Omakase,Point(-115.252472 36.194769),3616 W.Spring Mountain Rd.#3,gastronomía de Japón,http://www.sushikame.com/main/
http://www.wikidata.org/entity/Q125510434,Kate Mantilini,Point(-118.3901544 34.0672037),,,
http://www.wikidata.org/entity/Q109110203,Kathrin's Biergarten,Point(-121.224195805 38.790660495),4810 Granite Dr A1,gastronomía de Alemania,https://www.kathrinsbiergarten.com/
http://www.wikidata.org/entity/Q64039330,Kato,Point(-118.241055555 34.034166666),11925 Santa Monica Blvd,gastronomía de Taiwán,https://www.katorestaurant.com/
http://www.wikidata.org/entity/Q64039330,Kato,Point(-118.4611515 34.0418978),11925 Santa Monica Blvd,gastronomía de Taiwán,https://www.katorestaurant.com/
http://www.wikidata.org/entity/Q61978118,Katsuya,Point(-115.15645 36.142511),,gastronomía de Japón,https://slslasvegas.com/restaurants-bars/katsuya/
http://www.wikidata.org/entity/Q123152794,Kenzo,Point(-122.289444444 38.298888888),,,
http://www.wikidata.org/entity/Q135655595,Khan Saab Desi Craft Kitchen,Point(-117.92048 33.87056),,,
http://www.wikidata.org/entity/Q121282990,Kin Khao,Point(-122.409166666 37.785277777),,,
http://www.wikidata.org/entity/Q121590630,Kinjo,Point(-122.421888888 37.797111111),,,
http://www.wikidata.org/entity/Q66788998,Kintaro Ramen,Point(-120.8029914 38.3926444),,gastronomía de Japón,
http://www.wikidata.org/entity/Q6415895,Kirkwood Inn & Saloon,Point(-120.072 38.7027),,,
http://www.wikidata.org/entity/Q110542831,Knife Pleat,Point(-117.889444444 33.691666666),,,https://knifepleat.com
http://www.wikidata.org/entity/Q125756623,Koffi,Point(-116.547 33.8305),,,
http://www.wikidata.org/entity/Q124474822,Koi Palace,Point(-122.466666666 37.666111111),,,
http://www.wikidata.org/entity/Q64148701,Konbi,Point(-118.2536216 34.0755142),1463 Sunset Blvd,gastronomía de Japón,https://konbila.com/
http://www.wikidata.org/entity/Q136652885,Kouraku,Point(-118.241403 34.048925),"314 E 2nd St, Los Angeles, CA 90012",,https://kouraku.square.site/
http://www.wikidata.org/entity/Q61740349,Krispy Kreme,Point(-115.175078 36.098837),,dona,
http://www.wikidata.org/entity/Q108863117,L'Ardoise Bistro,Point(-122.433190457 37.7665637),151 Noe Street,gastronomía de Francia,https://www.ardoisesf.com/
http://www.wikidata.org/entity/Q61974586,L'Atelier De Joël Robuchon,Point(-115.170391 36.102634),,gastronomía de Francia,https://www.mgmgrand.com/en/restaurants/latelier-joel-robuchon-french-restaurant.html
http://www.wikidata.org/entity/Q60621479,La Bicyclette,Point(-121.922806 36.553866),,gastronomía de Francia,http://www.labicycletterestaurant.com/
http://www.wikidata.org/entity/Q60621479,La Bicyclette,Point(-121.922806 36.553866),,gastronomía de Italia,http://www.labicycletterestaurant.com/
http://www.wikidata.org/entity/Q121590598,La Botte,Point(-118.492361111 34.018472222),,,
http://www.wikidata.org/entity/Q76851845,La Brea Bakery Express,Point(-117.920339 33.808718),1313 S Harbor Blvd Suite A,,https://disneyland.disney.go.com/dining/downtown-disney-district/la-brea-bakery-cafe/
http://www.wikidata.org/entity/Q122834630,La Folie,Point(-122.422083333 37.798138888),,,
http://www.wikidata.org/entity/Q125912992,La Mejor Bakery,Point(-122.4194 37.7521),,,
http://www.wikidata.org/entity/Q63861700,La Salsa Cantina,Point(-115.1687564 36.1104427),,gastronomía de México,https://www.lasalsacantinalv.com/
http://www.wikidata.org/entity/Q117196149,La Taqueria,Point(-122.4181 37.7509),,,
http://www.wikidata.org/entity/Q123964956,La Toque,Point(-122.283888888 38.304166666),,,
http://www.wikidata.org/entity/Q108939475,Lake Tahoe AleWorX,Point(-120.0023384 38.9132534),2050 Lake Tahoe Blvd,gastronomía de Estados Unidos,http://laketahoealeworx.com/
http://www.wikidata.org/entity/Q14705189,Landrum's Hamburger System No. 1,Point(-119.805 39.5117),,,
http://www.wikidata.org/entity/Q56193709,Langer's Deli,Point(-118.2768 34.0562),,,https://www.langersdeli.com/
http://www.wikidata.org/entity/Q61906139,Las Vegas Rocks Cafe,Point(-115.141233 36.169873),450 Fremont St,,
http://www.wikidata.org/entity/Q61745737,Lavo Italian Restaurant & Lounge,Point(-115.169266 36.124492),,gastronomía de Italia,https://lavolv.com/
http://www.wikidata.org/entity/Q64223770,Layla,Point(-122.4581797 38.2838991),,gastronomía mediterránea,https://www.macarthurplace.com/food-drink/layla-restaurant/
http://www.wikidata.org/entity/Q115800599,Lazy Bear,Point(-122.419722222 37.760388888),,,
http://www.wikidata.org/entity/Q116025543,Le Bistro,Point(-115.150344719 36.102412619),"4817 Paradise Rd, Las Vegas, NV 89169",,
http://www.wikidata.org/entity/Q116025441,Le Bistro Parisien,Point(-115.153046495 36.111441552),"4310 Paradise Rd, Las Vegas, NV 89109",,
http://www.wikidata.org/entity/Q6507395,Le Papillon,Point(-121.9725 37.319722),,gastronomía de Francia,http://www.lepapillon.com/
http://www.wikidata.org/entity/Q61746023,Le Village Buffet,Point(-115.170504 36.112923),,bufé,https://www.caesars.com/paris-las-vegas/restaurants/le-village-buffet
http://www.wikidata.org/entity/Q140478273,Lielle,Point(-118.3976 34.0554),,,
http://www.wikidata.org/entity/Q6650522,Little Joe's,Point(-118.237 34.0642),,,
http://www.wikidata.org/entity/Q107609915,Little Nugget Diner,Point(-119.813632671 39.527554178),,gastronomía de Estados Unidos,
http://www.wikidata.org/entity/Q23017137,Little Pine,Point(-118.26679 34.10775),,cocina vegana,http://www.littlepinerestaurant.com
http://www.wikidata.org/entity/Q21079412,Little River Inn,Point(-123.789013888 39.271941666),7901 North Highway One,,http://www.littleriverinn.com/
http://www.wikidata.org/entity/Q16961135,Lollicup Coffee & Tea,Point(-117.6701 33.9683),,,
http://www.wikidata.org/entity/Q108990238,Lone Eagle Grille,Point(-119.94400915 39.2379379),111 Country Club Drive,gastronomía de Estados Unidos,https://www.loneeaglegrille.com/
http://www.wikidata.org/entity/Q61984831,Lotus of Siam,Point(-115.149852 36.115138),,gastronomía de Tailandia,https://lotusofsiamlv.com/
http://www.wikidata.org/entity/Q135193799,Lou The French On The Block,Point(-118.3433 34.152),"4007 W Riverside Dr, Burbank, CA 91505",,https://www.louthefrenchontheblock.com/
http://www.wikidata.org/entity/Q107617599,Louis' Basque Corner,Point(-119.810182201 39.530804091),"301 E 4th Street, Reno, NV 89501",gastronomía vasca,https://louisbasquecorner.com/
http://www.wikidata.org/entity/Q65012959,Luigi's Italian Restaurant,Point(-121.444461 36.506695),346 Alta St,gastronomía de Italia,http://www.luigispasta.net
http://www.wikidata.org/entity/Q56255303,Luna Trattoria,Point(-123.796512 39.306594),,,
http://www.wikidata.org/entity/Q116154106,Luna! Las Vegas,Point(-115.15183814 36.105436139),"4647 Paradise Rd, Las Vegas, NV 89169",,
http://www.wikidata.org/entity/Q6706049,Lutèce,Point(-115.169582 36.121479),,gastronomía de Francia,
http://www.wikidata.org/entity/Q14683228,Lyons Station Stagecoach Stop,Point(-118.507 34.3627),,,
http://www.wikidata.org/entity/Q61978149,MGM Grand Buffet,Point(-115.171306 36.101995),,,
http://www.wikidata.org/entity/Q56255806,MacCallum House,Point(-123.799693 39.305827),45020 Albion Street,,https://www.maccallumhouse.com/
http://www.wikidata.org/entity/Q127613305,Mad Greek Cafe,Point(-116.074722222 35.265833333),,,
http://www.wikidata.org/entity/Q127885196,Main Dining,Point(-120.857025527 37.52463716),,,https://www.csustan.edu/campus-maps/main-dining
http://www.wikidata.org/entity/Q107622065,Main Street Deli,Point(-115.1652688 36.137227906),,,
http://www.wikidata.org/entity/Q6745241,Mama's,Point(-122.41 37.8016),,,
http://www.wikidata.org/entity/Q111472804,Mamma Mia Italian Restaurant,Point(-119.018348105 35.375411116),1804 chester avenue,,https://mammamiadowntown.com/benvenuti
http://www.wikidata.org/entity/Q121143791,Manzke,Point(-118.397638888 34.055416666),,,
http://www.wikidata.org/entity/Q108869221,Mare Island Brewing Company,Point(-122.263143469 38.100572714),289 Mare Island Way,,https://www.mareislandbrewingco.com/
http://www.wikidata.org/entity/Q61893368,Margaritaville,Point(-115.172736 36.117045),3555 South Las Vegas Boulevard,gastronomía de Estados Unidos,https://www.margaritavillelasvegas.com/
http://www.wikidata.org/entity/Q118595527,Marino's Pizza and Ravioli,Point(-123.204415195 39.136624992),,,https://marinos-pizza.com/
http://www.wikidata.org/entity/Q116153750,Mariposa Café,Point(-115.151755164 36.105452372),"4643 Paradise Rd, Las Vegas, NV 89169",,
http://www.wikidata.org/entity/Q121283010,Marlena,Point(-122.413333333 37.746666666),,,
http://www.wikidata.org/entity/Q17020508,Masa's Wine Bar & Kitchen,Point(-122.40805 37.79042),,gastronomía de Francia,http://www.masasrestaurant.com/
http://www.wikidata.org/entity/Q121189863,Maude,Point(-118.398888888 34.064583333),,,
http://www.wikidata.org/entity/Q122834633,Maum,Point(-122.161111111 37.446166666),,gastronomía de Corea,http://maumpaloalto.com/
http://www.wikidata.org/entity/Q76530317,Maurice's Treats,Point(-117.919304 33.812494),,gastronomía de Estados Unidos,https://disneyland.disney.go.com/dining/disneyland/maurices-treats/
http://www.wikidata.org/entity/Q63940382,Maya,Point(-122.4566763 38.2916083),101 E Napa St,gastronomía de México,https://mayarestaurant.squarespace.com/
http://www.wikidata.org/entity/Q138773763,Mel's Old West,Point(-120.330344 37.295257305),"8721B East Highway 140, Le Grand, California 95340",parrillada,
http://www.wikidata.org/entity/Q140421252,Memphis Cafe,Point(-117.8866 33.6769),,,
http://www.wikidata.org/entity/Q61672264,Mesa Grill,Point(-115.174806 36.117085),,,http://mesagrill.com/
http://www.wikidata.org/entity/Q104866809,Miceli's,Point(-118.336027777 34.101333333),,gastronomía de Italia,
http://www.wikidata.org/entity/Q61978171,Michael Mina,Point(-115.17683 36.112068),,producto del mar,https://www.michaelmina.net/restaurants/las-vegas/michael-mina-bellagio/
http://www.wikidata.org/entity/Q61978171,Michael Mina,Point(-115.17683 36.112068),,Nueva cocina estadounidense,https://www.michaelmina.net/restaurants/las-vegas/michael-mina-bellagio/
http://www.wikidata.org/entity/Q108817471,Milestone Provisions,Point(-122.281815098 38.301771047),,gastronomía de Estados Unidos,https://www.milestoneprovisions.com/
http://www.wikidata.org/entity/Q6857986,Milk Farm Restaurant,Point(-121.82128 38.47551),,,
http://www.wikidata.org/entity/Q109947903,Mission Ranch,Point(-121.923333333 36.555277777),26270 Dolores Street,,https://www.missionranchcarmel.com
http://www.wikidata.org/entity/Q64748852,Mister Fish & Chips,Point(-117.1742182 32.8187742),5647 Balboa Ave,producto del mar,http://www.misterfishandchips.com/
http://www.wikidata.org/entity/Q140478274,Miura,Point(-118.4006 34.0674),,,
http://www.wikidata.org/entity/Q61794541,Mizumi,Point(-115.167234 36.126961),,gastronomía de Japón,https://www.wynnlasvegas.com/Dining/FineDining/Mizumi
http://www.wikidata.org/entity/Q61978244,Mizuya,Point(-115.176317 36.091889),,gastronomía de Japón,https://www.mandalaybay.com/en/restaurants/mizuya.html
http://www.wikidata.org/entity/Q112757409,Mochinut,Point(-118.312915 34.052924),,,https://www.mochinut.com
http://www.wikidata.org/entity/Q6896187,Molinari's,Point(-122.4078586 37.798455),,,
http://www.wikidata.org/entity/Q61978291,Momofuku,Point(-115.175391 36.109955),,gastronomía de Asia,https://vegas.momofuku.com/
http://www.wikidata.org/entity/Q60043909,Monterey's Fish House,Point(-121.86576 36.602115),2114 Del Monte Ave,producto del mar,http://montereyfishhouse.com/
http://www.wikidata.org/entity/Q60061637,Montrio Bistro,Point(-121.895379 36.599802),414 Calle Principal,Nueva cocina estadounidense,https://www.montrio.com/
http://www.wikidata.org/entity/Q104868520,Moore's Delicatessen,Point(-118.308825 34.182788),"271 E Orange Grove Ave, Burbank, California, United States",,
http://www.wikidata.org/entity/Q61745731,Morels French Steakhouse & Bistro,Point(-115.16904 36.124965),,gastronomía de Francia,http://morelslv.com/
http://www.wikidata.org/entity/Q135287327,Mori Nozomi,Point(-118.442222222 34.033333333),,,
http://www.wikidata.org/entity/Q120907991,Mori Sushi,Point(-118.442222222 34.033333333),11500 W Pico Boulevard,gastronomía de Japón,https://morisushila.com
http://www.wikidata.org/entity/Q115806127,Morihiro,Point(-118.262416666 34.116916666),,gastronomía de Japón,https://morionodera.com/
http://www.wikidata.org/entity/Q61743899,Morimoto,Point(-115.169046 36.102695),,gastronomía de Japón,https://www.mgmgrand.com/en/restaurants/morimoto.html
http://www.wikidata.org/entity/Q14683418,Moss Beach Distillery,Point(-122.513 37.5178),,,http://www.mossbeachdistillery.com/
http://www.wikidata.org/entity/Q124031763,Mourad,Point(-122.4 37.786805555),,,
http://www.wikidata.org/entity/Q63980693,Mr. Mamas,Point(-115.2261344 36.0862874),5693 S Jones Blvd Ste 106,,http://www.mrmamaslv.com/
http://www.wikidata.org/entity/Q61988602,Musashi Japanese Steakhouse,Point(-115.154514 36.117741),"3900 Paradise Rd W,",gastronomía de Japón,
http://www.wikidata.org/entity/Q6943139,Musso & Frank Grill,Point(-118.335 34.1017),,,https://mussoandfrank.com/
http://www.wikidata.org/entity/Q120916362,Mélisse,Point(-118.491222222 34.024361111),,,
http://www.wikidata.org/entity/Q61772622,NASCAR Café,Point(-115.156446 36.142255),2535 Las Vegas Blvd S,gastronomía de Estados Unidos,
http://www.wikidata.org/entity/Q140478261,Naides,Point(-122.4091 37.7903),,,
http://www.wikidata.org/entity/Q6964791,Napa Rose,Point(-117.921 33.8079),,Gastronomía de California,http://disneyland.disney.go.com/grand-californian-hotel/napa-rose/
http://www.wikidata.org/entity/Q76157041,Naples Ristorante E Bar,Point(-117.922113 33.808984),,gastronomía de Italia,https://disneyland.disney.go.com/dining/downtown-disney-district/naples-ristorante-e-bar/
http://www.wikidata.org/entity/Q56547290,Negri's Original Occidental,Point(-122.948213 38.407679),,,https://www.negrisrestaurant.com/
http://www.wikidata.org/entity/Q48977195,Nepenthe,Point(-121.761517 36.2218173),,,
http://www.wikidata.org/entity/Q19630333,Neptune's Net,Point(-118.962 34.0531),,,
http://www.wikidata.org/entity/Q15262089,New River Station,Point(-115.45416667 32.61361111),,,
http://www.wikidata.org/entity/Q7017597,Newcomb's Ranch,Point(-118.002 34.3298),,,http://www.newcombsranch.com/
http://www.wikidata.org/entity/Q7028252,Nickel Diner,Point(-118.248799 34.045891),,,http://nickeldiner.com/
http://www.wikidata.org/entity/Q61978493,Nine Fine Irishmen,Point(-115.173751 36.102015),,,http://www.ninefineirishmen.com/history.aspx
http://www.wikidata.org/entity/Q121070059,Nisei,Point(-122.422083333 37.798194444),2316 Polk Street,,
http://www.wikidata.org/entity/Q61978866,Nobu Restaurant Las Vegas,Point(-115.175289 36.116849),,gastronomía de Japón,https://www.caesars.com/caesars-palace/restaurants/nobu
http://www.wikidata.org/entity/Q122942109,Noodle in a Haystack,Point(-122.468722222 37.780638888),,,
http://www.wikidata.org/entity/Q124282989,Normandy Inn,Point(-121.924723012 36.554890778),Monte Verde St. and Ocean Ave.,,
http://www.wikidata.org/entity/Q108435443,Noyo River Grill,Point(-123.805001982 39.427252314),"32150 N Harbor Dr, Fort Bragg, CA 95437",producto del mar,https://www.noyorivergrill.com/
http://www.wikidata.org/entity/Q115802716,Nozawa Bar,Point(-118.39829 34.06826),,gastronomía de Japón,
http://www.wikidata.org/entity/Q121296678,Octavia,Point(-122.427083333 37.787972222),,,
http://www.wikidata.org/entity/Q60043329,Old Fisherman's Grotto,Point(-121.892926 36.604388),,gastronomía de Italia,http://www.oldfishermansgrotto.com/
http://www.wikidata.org/entity/Q60043329,Old Fisherman's Grotto,Point(-121.892926 36.604388),,producto del mar,http://www.oldfishermansgrotto.com/
http://www.wikidata.org/entity/Q60043329,Old Fisherman's Grotto,Point(-121.892926 36.604388),,filete,http://www.oldfishermansgrotto.com/
http://www.wikidata.org/entity/Q121878952,Old Mandarin Islamic Restaurant,Point(-122.500694444 37.738361111),,,
http://www.wikidata.org/entity/Q7085574,Oldest McDonald's restaurant,Point(-118.118 33.9471),,,
http://www.wikidata.org/entity/Q124031756,Omakase,Point(-122.402916666 37.770694444),,,
http://www.wikidata.org/entity/Q124031753,One Market,Point(-122.394722222 37.794305555),,,
http://www.wikidata.org/entity/Q85791229,Original Cannabis Cafe,Point(-118.3466097 34.092668),,,
http://www.wikidata.org/entity/Q7102546,Original Joe's,Point(-122.4093 37.8002),,gastronomía de Estados Unidos,https://originaljoes.com/
http://www.wikidata.org/entity/Q7102546,Original Joe's,Point(-122.4093 37.8002),,gastronomía de Italia,https://originaljoes.com/
http://www.wikidata.org/entity/Q115857591,Orsa & Winston,Point(-118.248027777 34.048444444),,,
http://www.wikidata.org/entity/Q121143548,Ortolan,Point(-118.371388888 34.072638888),,gastronomía de Francia,
http://www.wikidata.org/entity/Q121307955,Osito,Point(-122.410833333 37.761666666),,,
http://www.wikidata.org/entity/Q115805246,Osteria Mozza,Point(-118.338805555 34.083333333),,gastronomía de Italia,
http://www.wikidata.org/entity/Q64007997,Other Mama,Point(-115.2799344 36.1228954),3655 S Durango Dr #6,producto del mar,https://www.othermamalv.com/
http://www.wikidata.org/entity/Q120869993,Otus Thai Kitchen & Coffee,Point(-118.3443 34.094),,gastronomía de Tailandia,https://www.otusthaikitchen.com/
http://www.wikidata.org/entity/Q134717082,PLS on Post,Point(-122.4107721 37.7878332),,,
http://www.wikidata.org/entity/Q75683454,Pacific Wharf Café,Point(-117.920097 33.8059),,gastronomía de Estados Unidos,https://disneyland.disney.go.com/dining/disney-california-adventure/pacific-wharf-cafe/
http://www.wikidata.org/entity/Q137785546,Palms Thai,Point(-118.318333333 34.101388888),,,
http://www.wikidata.org/entity/Q61986043,Pam Real Thai Las Vegas,Point(-115.207766 36.124296),,gastronomía de Tailandia,
http://www.wikidata.org/entity/Q7131356,Pann's,Point(-118.370566 33.978115),,,http://www.panns.com/
http://www.wikidata.org/entity/Q17065460,Papa Cristo's,Point(-118.299675 34.047433),,,
http://www.wikidata.org/entity/Q117713503,Paper Doll Club,Point(-122.408143 37.800753),"524 Union Street, San Francisco, California",,
http://www.wikidata.org/entity/Q17062132,Pappy & Harriet's,Point(-116.49306 34.15638),,,http://pappyandharriets.com/
http://www.wikidata.org/entity/Q116154035,Paradise Café & Gifts,Point(-115.151673082 36.10522861),"4643 Paradise Rd, Las Vegas, NV 89169",,
http://www.wikidata.org/entity/Q116154035,Paradise Café & Gifts,Point(-115.151673082 36.10522861),"4647 Paradise Rd, Las Vegas, NV 89169",,
http://www.wikidata.org/entity/Q77732479,Paradise Garden Grill,Point(-117.923499 33.806078),,gastronomía de México,https://disneyland.disney.go.com/dining/disney-california-adventure/paradise-garden-grill/
http://www.wikidata.org/entity/Q77732479,Paradise Garden Grill,Point(-117.923499 33.806078),,gastronomía vegetariana,https://disneyland.disney.go.com/dining/disney-california-adventure/paradise-garden-grill/
http://www.wikidata.org/entity/Q121144080,Pasjoli,Point(-118.482027777 34.00025),,,
http://www.wikidata.org/entity/Q65093014,Paso Terra,Point(-120.6891653 35.6245086),1032 Pine St,producto del mar,https://www.pasoterra.com/
http://www.wikidata.org/entity/Q63779997,Pat's Chinese Food & Minimart,Point(-115.160406 36.188154),1451 W. Owens Ave.,gastronomía de China,
http://www.wikidata.org/entity/Q121189647,Patina,Point(-118.24975 34.054916666),,,
http://www.wikidata.org/entity/Q17063269,Pea Soup Andersen's,Point(-120.191206 34.614009),,,
http://www.wikidata.org/entity/Q60609284,Pearl,Point(-122.632172 38.232187),500 1st Street,gastronomía mediterránea,http://www.pearlpetaluma.com/
http://www.wikidata.org/entity/Q64149090,Peng Zu,Point(-115.2906557 36.1692782),9090 Alta Dr,gastronomía de Asia,https://www.suncoastcasino.com/dine/casual-dining/peng-zu
http://www.wikidata.org/entity/Q124135251,Peppermill,Point(-115.163541 36.133665),,,
http://www.wikidata.org/entity/Q61904333,Peppermill Las Vegas,Point(-115.163222 36.133668),2985 S Las Vegas Blvd,gastronomía de Estados Unidos,http://www.peppermilllasvegas.com/
http://www.wikidata.org/entity/Q123496677,Perch,Point(-118.2514 34.04895),,,
http://www.wikidata.org/entity/Q122942018,Perilla L.A.,Point(-118.246944444 34.065722222),,,
http://www.wikidata.org/entity/Q115803027,Phenakite,Point(-118.31062 34.09641),,,
http://www.wikidata.org/entity/Q3309185,Philippe's,Point(-118.236953 34.059657),,gastronomía de Francia,http://www.philippes.com
http://www.wikidata.org/entity/Q61992468,Pho Kim Long Restaurant,Point(-115.193411 36.126151),4029 W Spring Mountain Rd,gastronomía de Vietnam,https://phokimlong.info/
http://www.wikidata.org/entity/Q63780224,Pho Lan,Point(-115.207234 36.131625),4860 W Desert Inn Rd #9,gastronomía de Vietnam,
http://www.wikidata.org/entity/Q63929583,Pho Sonoma Vietnamese Cuisine,Point(-122.6376256 38.2332783),140 2nd St Suite 120,gastronomía de Vietnam,
http://www.wikidata.org/entity/Q140460027,Phở Ban Mai Restaurant,Point(-117.13006 32.9144388),"8991 Mira Mesa Boulevard, San Diego, California 92126",gastronomía de Vietnam,https://phobanmaisd.kwickmenu.com/index.php
http://www.wikidata.org/entity/Q58223608,Piazza de Campovida,Point(-123.116256 38.972444),,,http://piazzadecampovida.com
http://www.wikidata.org/entity/Q16898303,Picasso,Point(-115.174 36.1139),,gastronomía de Francia,http://www.bellagio.com/restaurants/picasso.aspx
http://www.wikidata.org/entity/Q64748728,Picazo Kitchen + Bar,Point(-122.4752979 38.300929),19101 Sonoma Hwy,,https://www.picazokitchen.com/
http://www.wikidata.org/entity/Q17066014,Pig 'n Whistle,Point(-118.336944444 34.101111111),,,http://pignwhistlehollywood.com
http://www.wikidata.org/entity/Q123366237,Piglet & Co,Point(-122.419660041 37.762326566),,,
http://www.wikidata.org/entity/Q113096929,Pine and Crane DTLA,Point(-118.26236 34.04084),1120 South Grand Avenue,gastronomía de Taiwán,https://www.pineandcrane.com/dtla
http://www.wikidata.org/entity/Q7195464,Pinecrest Diner,Point(-122.41 37.787),,,http://www.pinecrestdiner.com/
http://www.wikidata.org/entity/Q1453665,Pink's Hot Dogs,Point(-118.344 34.0839),,,http://www.pinkshollywood.com/
http://www.wikidata.org/entity/Q123318401,Pioneer Saloon,Point(-115.43189 35.83255),,,
http://www.wikidata.org/entity/Q136196202,Pisces,Point(-115.1675 36.1265),,,
http://www.wikidata.org/entity/Q7199976,Pizza Port,Point(-117.347669 33.159856),,,http://www.pizzaport.com
http://www.wikidata.org/entity/Q61982168,Pizza Rock,Point(-115.142256 36.17159),,gastronomía de Italia,http://www.pizzarocklasvegas.com/
http://www.wikidata.org/entity/Q109277568,PizzaLeah,Point(-122.812108 38.549998209),9240 Old Redwood Hwy #116,,http://www.pizzaleah.com
http://www.wikidata.org/entity/Q61857181,Planet Dailies,Point(-115.170584 36.109808),,gastronomía de Estados Unidos,
http://www.wikidata.org/entity/Q61843641,Planet Hollywood,Point(-115.173503 36.118806),,gastronomía de Estados Unidos,https://www.planethollywoodintl.com/restaurants/las-vegas/
http://www.wikidata.org/entity/Q76059198,Plaza Inn,Point(-117.918525 33.811704),,gastronomía de Estados Unidos,https://disneyland.disney.go.com/dining/disneyland/plaza-inn/
http://www.wikidata.org/entity/Q122809711,Plumed Horse,Point(-122.035194444 37.256555555),,,
http://www.wikidata.org/entity/Q68753857,Pluto’s Dog House,Point(-117.918695 33.815555),,gastronomía de Estados Unidos,https://disneyland.disney.go.com/dining/disneyland/plutos-dog-house/
http://www.wikidata.org/entity/Q66789569,Poor Red's Bar-B-Q,Point(-120.8472475 38.6825279),6221 Pleasant Valley Rd,gastronomía de Estados Unidos,http://poorreds.com/
http://www.wikidata.org/entity/Q66789569,Poor Red's Bar-B-Q,Point(-120.8472475 38.6825279),6221 Pleasant Valley Rd,parrillada,http://poorreds.com/
http://www.wikidata.org/entity/Q130453812,Popoca,Point(-122.27424 37.8015933),,Gastronomía de El Salvador,
http://www.wikidata.org/entity/Q64969673,Preserve,Point(-121.9685998 38.5211074),,gastronomía de Estados Unidos,http://www.preservewinters.com/
http://www.wikidata.org/entity/Q131143852,Press,Point(-122.4503 38.4891),,,
http://www.wikidata.org/entity/Q122941950,Prik Hom,Point(-122.45375 37.781861111),,,
http://www.wikidata.org/entity/Q108885075,Princess Seafood Restaurant,Point(-123.805692138 39.427821334),32096 North Harbor Dr,,https://fvprincess.com/
http://www.wikidata.org/entity/Q115801685,Providence,Point(-118.330083333 34.083611111),,,
http://www.wikidata.org/entity/Q16967880,Psycho Donuts,Point(-121.9495 37.2867),,,http://www.psychodonuts.com/
http://www.wikidata.org/entity/Q136547154,Pump Restaurant,Point(-118.3853 34.0837),,,
http://www.wikidata.org/entity/Q141264630,Pym Test Kitchen,Point(-117.9177 33.8068),,,https://disneyland.disney.go.com/dining/disney-california-adventure/pym-test-kitchen/
http://www.wikidata.org/entity/Q115803173,Q Sushi,Point(-118.256083333 34.047166666),,,
http://www.wikidata.org/entity/Q122941995,Quarter Sheets,Point(-118.254305555 34.075833333),,,
http://www.wikidata.org/entity/Q123684313,Quiote,Point(-122.641596401 38.234180283),121 Kentucky St,,https://www.quiotemx.com/
http://www.wikidata.org/entity/Q107195029,R+D Kitchen,Point(-122.367455286 38.406242366),6795 Washington Street,,https://rd-kitchen.com/locations/yountville/
http://www.wikidata.org/entity/Q61655596,RH Yountville,Point(-122.366604 38.405749),,,
http://www.wikidata.org/entity/Q7284581,Rainbow Bar and Grill,Point(-118.38825 34.090888888),"9015 Sunset Blvd, West Hollywood, CA 90069, USA",,https://www.rainbowbarandgrill.com/
http://www.wikidata.org/entity/Q116392534,Rainbow Room,Point(-115.149567219 36.10599315),"4640 Paradise Rd, Las Vegas, NV 89169",,
http://www.wikidata.org/entity/Q61978893,Rainforest Cafe,Point(-115.172144 36.108841),,gastronomía de Estados Unidos,https://www.rainforestcafe.com/locations.asp?st=nv
http://www.wikidata.org/entity/Q77136313,Rainforest Cafe,Point(-117.924815 33.809484),,gastronomía de Estados Unidos,
http://www.wikidata.org/entity/Q61987127,Raku,Point(-115.209812 36.127034),5030 Spring Mountain Rd,gastronomía de Japón,http://raku-grill.com/grill/
http://www.wikidata.org/entity/Q61987127,Raku,Point(-115.209812 36.127034),5030 Spring Mountain Rd,gastronomía de Japón,https://aburiyarakula.wixsite.com/weho
http://www.wikidata.org/entity/Q75897494,Ralph Brennan's Jazz Kitchen,Point(-117.923612 33.809021),,Gastronomía cajún,https://www.rbjazzkitchen.com/
http://www.wikidata.org/entity/Q69369811,Rancho del Zocalo,Point(-117.9201343 33.8123959),,gastronomía de México,https://disneyland.disney.go.com/dining/disneyland/rancho-del-zocalo-restaurante/
http://www.wikidata.org/entity/Q76774199,Red Rose Taverne,Point(-117.919481 33.813448),,gastronomía de Estados Unidos,https://disneyland.disney.go.com/dining/disneyland/red-rose-taverne/
http://www.wikidata.org/entity/Q7305090,Red Square,Point(-115.176669 36.092197),,Eastern European cuisine,https://redsquarelasvegas.com/
http://www.wikidata.org/entity/Q61984664,Redwood Steakhouse,Point(-115.144802 36.173069),,,https://www.thecal.com/dine/redwood-steakhouse
http://www.wikidata.org/entity/Q108733365,Reel & Brand,Point(-122.485503776 38.300246021),401 Grove St,gastronomía de Estados Unidos,https://reelandbrand.net/
http://www.wikidata.org/entity/Q132200518,Reel Inn,Point(-118.581666666 34.039722222),,producto del mar,
http://www.wikidata.org/entity/Q7312396,Renaissance,Point(-118.318909 34.104641),,,http://manor-scientology.org/restaurant.html
http://www.wikidata.org/entity/Q116671476,Republic Cafe,Point(-121.651944444 36.678611111),7 Soledad Street,,
http://www.wikidata.org/entity/Q128049853,Residential Life Village Dining Hall,Point(-120.854012156 37.526384807),,,
http://www.wikidata.org/entity/Q61850283,Restaurant Guy Savoy,Point(-115.174984 36.115191),,gastronomía de Francia,https://www.caesars.com/caesars-palace/restaurants/guy-savoy
http://www.wikidata.org/entity/Q136667861,Restaurant Ki,Point(-118.241388888 34.05),,,
http://www.wikidata.org/entity/Q16899253,Revival Bar and Kitchen,Point(-122.268 37.871),,,
http://www.wikidata.org/entity/Q122778547,Rich Table,Point(-122.42275 37.774888888),199 Gough Street,gastronomía de Estados Unidos,
http://www.wikidata.org/entity/Q122778547,Rich Table,Point(-122.42275 37.774888888),199 Gough Street,Gastronomía de California,
http://www.wikidata.org/entity/Q122778547,Rich Table,Point(-122.42275 37.774888888),199 Gough Street,Nueva cocina estadounidense,
http://www.wikidata.org/entity/Q107220818,Rickey's Restaurant,Point(-118.1258235 34.0784412),,,
http://www.wikidata.org/entity/Q7332017,Ricky's Sports Theatre and Grill,Point(-122.129291 37.70428),,bar,http://www.rickys.com
http://www.wikidata.org/entity/Q76775739,River Belle Terrace,Point(-117.920509 33.811533),,gastronomía del sur de Estados Unidos,https://disneyland.disney.go.com/dining/disneyland/river-belle-terrace/
http://www.wikidata.org/entity/Q112762562,Rose Pistola,Point(-122.40958 37.80005),,,
http://www.wikidata.org/entity/Q109104545,Roxy,Point(-119.814304981 39.529660825),345 N Virginia St,gastronomía de Estados Unidos,https://www.eldoradoreno.com/venue/restaurants/roxy
http://www.wikidata.org/entity/Q76777422,Royal Street Veranda,Point(-117.920937 33.811191),,,https://disneyland.disney.go.com/dining/disneyland/royal-street-veranda/
http://www.wikidata.org/entity/Q7377554,Rudy's Can't Fail Cafe,Point(-122.286 37.831),,,http://iamrudy.com/
http://www.wikidata.org/entity/Q121189870,Rustic Canyon,Point(-118.491305555 34.025083333),,,
http://www.wikidata.org/entity/Q61980107,STRIPSTEAK,Point(-115.177196 36.091374),,gastronomía de Estados Unidos,https://www.michaelmina.net/restaurants/las-vegas/stripsteak/
http://www.wikidata.org/entity/Q135900021,SUR Restaurant and Lounge,Point(-118.3854 34.0812),606–614 N Robertson Blvd,,https://www.surrestaurant.com/
http://www.wikidata.org/entity/Q122451898,Saddle Peak Lodge,Point(-118.693194444 34.078194444),,,
http://www.wikidata.org/entity/Q111525942,Sade's,Point(-121.923983145 36.555106382),,,
http://www.wikidata.org/entity/Q80213430,Sadelle's Cafe,Point(-115.176704 36.112197),3600 S Las Vegas Blvd,gastronomía de Estados Unidos,https://bellagio.mgmresorts.com/en/restaurants/sadelles.html
http://www.wikidata.org/entity/Q7408347,Sam Wo,Point(-122.407 37.795),,gastronomía de China,http://www.samworestaurant.com/
http://www.wikidata.org/entity/Q63870921,Sam's Anchor Cafe,Point(-122.456582 37.873146),27 Main St,gastronomía de Estados Unidos,https://samscafe.com/
http://www.wikidata.org/entity/Q63870921,Sam's Anchor Cafe,Point(-122.456582 37.873146),27 Main St,producto del mar,https://samscafe.com/
http://www.wikidata.org/entity/Q67930206,Samoa Cookhouse,Point(-124.181748 40.819943),,gastronomía de Estados Unidos,https://www.samoacookhouse.net/
http://www.wikidata.org/entity/Q67930206,Samoa Cookhouse,Point(-124.181748 40.819943),,Comida reconfortante,https://www.samoacookhouse.net/
http://www.wikidata.org/entity/Q107674799,Samurai Japanese BBQ and Grill,Point(-115.20749454 36.123158825),"3650 S Decatur Blvd, Las Vegas, NV 89103",gastronomía de Japón,https://samuraibbqlasvegas.mystrikingly.com/
http://www.wikidata.org/entity/Q7413990,San Francisco Creamery,Point(-122.061686 37.898681),,,
http://www.wikidata.org/entity/Q121189882,San Ho Won,Point(-122.410277777 37.759583333),,,
http://www.wikidata.org/entity/Q137855700,San Pedro Fish Market,Point(-118.2792 33.7377),,,
http://www.wikidata.org/entity/Q114814233,Santo Market,Point(-121.895277777 37.351666666),,gastronomía de Japón,https://santomarket.com/
http://www.wikidata.org/entity/Q114814233,Santo Market,Point(-121.895277777 37.351666666),,Gastronomía de Hawái,https://santomarket.com/
http://www.wikidata.org/entity/Q114814233,Santo Market,Point(-121.895277777 37.351666666),,gastronomía de China,https://santomarket.com/
http://www.wikidata.org/entity/Q66603509,Santé Restaurant,Point(-122.4830074 38.3124552),100 Boyes Blvd,Nueva cocina estadounidense,https://www.fairmont.com/sonoma/dining/sante-restaurant/
http://www.wikidata.org/entity/Q116392004,Sasha's,Point(-115.149567223 36.105993146),"4640 Paradise Rd, Las Vegas, NV 89169",,
http://www.wikidata.org/entity/Q107626051,Sausage Emporium,Point(-122.457019617 38.291723622),"31 E Napa St, Sonoma, CA 95476",gastronomía de Estados Unidos,https://mysausageemporium.com/
http://www.wikidata.org/entity/Q107626051,Sausage Emporium,Point(-122.457019617 38.291723622),"31 E Napa St, Sonoma, CA 95476",cocina inglesa,https://mysausageemporium.com/
http://www.wikidata.org/entity/Q108287511,Sea Pal Cove,Point(-123.804649951 39.424856131),"32390 N. Harbor Dr., Fort Bragg, CA 95437",producto del mar,
http://www.wikidata.org/entity/Q63989561,Secret Pizza,Point(-115.174212 36.109837),3708 Las Vegas Blvd S,Q177,
http://www.wikidata.org/entity/Q140478275,Seline,Point(-118.4797 33.9978),,,
http://www.wikidata.org/entity/Q63779670,Sensi,Point(-115.177089 36.111897),,gastronomía de Italia,
http://www.wikidata.org/entity/Q63779670,Sensi,Point(-115.177089 36.111897),,cocina fusión,
http://www.wikidata.org/entity/Q63779670,Sensi,Point(-115.177089 36.111897),,restaurante de comida marina,
http://www.wikidata.org/entity/Q61910385,Serendipity 3,Point(-115.173294 36.115749),3570 Las Vegas Boulevard S,,
http://www.wikidata.org/entity/Q61910385,Serendipity 3,Point(-115.173294 36.115749),3570 S Las Vegas Boulevard,,
http://www.wikidata.org/entity/Q63871154,Servino Ristorante,Point(-122.4559342 37.8732587),9 Main St,gastronomía de Italia,https://www.servino.com/
http://www.wikidata.org/entity/Q61745516,Shake Shack,Point(-115.173688 36.103062),,gastronomía de Estados Unidos,https://www.shakeshack.com/location/las-vegas-nv/
http://www.wikidata.org/entity/Q64968951,Shanghai Restaurant,Point(-122.4689889 38.2917458),565 5th St W,gastronomía de China,
http://www.wikidata.org/entity/Q139676360,Shawarma House SD,Point(-117.2489 32.7458),"4884 Newport Ave, San Diego, CA 92107",gastronomía mediterránea,https://shawarmahousesd.com
http://www.wikidata.org/entity/Q139676360,Shawarma House SD,Point(-117.2489 32.7458),"4884 Newport Ave, San Diego, CA 92107",Gastronomía de Irak,https://shawarmahousesd.com
http://www.wikidata.org/entity/Q115802807,Shibumi,Point(-118.256277777 34.044222222),,,
http://www.wikidata.org/entity/Q62091586,Shige Sushi & Izakaya,Point(-122.476291 38.300524),,gastronomía de Japón,http://shige-sushi.com
http://www.wikidata.org/entity/Q121143543,Shin Sushi,Point(-118.494257 34.158745),"16573 Ventura Blvd, Encino, CA 91436",gastronomía de Japón,https://shin-sushi.weeblyte.com/
http://www.wikidata.org/entity/Q121189920,Shunji,Point(-118.453888888 34.020277777),,,
http://www.wikidata.org/entity/Q111309216,Side Street Kitchen,Point(-122.807464025 38.068544803),60 4th Street,,https://sidestreet-prs.com/
http://www.wikidata.org/entity/Q141253956,Sinatra,Point(-115.1654 36.1299),,,
http://www.wikidata.org/entity/Q21484214,Sir and Star,Point(-122.787743 38.040744),10000 Sir Francis Drake Boulevard,,http://www.sirandstar.com
http://www.wikidata.org/entity/Q64616164,Sky Terrace Oyster Bar,Point(-119.7946916 39.4885109),,producto del mar,https://www.atlantiscasino.com/reno-restaurants/atlantis-oyster-bar
http://www.wikidata.org/entity/Q64616155,Sky Terrace Sushi Bar,Point(-119.794802 39.4884744),,,https://www.atlantiscasino.com/reno-restaurants/atlantis-sushi-bar/
http://www.wikidata.org/entity/Q75335832,Smokejumpers Grill,Point(-117.919718 33.807949),,gastronomía de Estados Unidos,https://disneyland.disney.go.com/dining/disney-california-adventure/smokejumpers-grill/
http://www.wikidata.org/entity/Q135938052,Smuggler's Cove,Point(-122.423469444 37.779555555),,,https://www.smugglerscovesf.com/
http://www.wikidata.org/entity/Q130223693,Snow White Cafe,Point(-118.338 34.102),,,
http://www.wikidata.org/entity/Q115802559,Soichi,Point(-117.141805555 32.762638888),,,
http://www.wikidata.org/entity/Q121296590,Somni,Point(-118.388888888 34.0825),9045 Nemo Street,gastronomía de España,https://www.somnirestaurant.com/
http://www.wikidata.org/entity/Q121296590,Somni,Point(-118.388888888 34.0825),9045 Nemo Street,Nueva cocina estadounidense,https://www.somnirestaurant.com/
http://www.wikidata.org/entity/Q140544832,Sona,Point(-118.3768 34.0787),,,
http://www.wikidata.org/entity/Q64965656,Sonoma Grille,Point(-122.4605094 38.2919908),165 W Napa St,gastronomía de Estados Unidos,http://www.sonomagrilleandbar.com
http://www.wikidata.org/entity/Q64965656,Sonoma Grille,Point(-122.4605094 38.2919908),165 W Napa St,producto del mar,http://www.sonomagrilleandbar.com
http://www.wikidata.org/entity/Q64118618,Sonoratown,Point(-118.2523259 34.0415543),,gastronomía de México,http://www.sonoratown.com/
http://www.wikidata.org/entity/Q21016202,Sons & Daughters,Point(-122.409166666 37.790277777),,Nueva cocina estadounidense,http://www.sonsanddaughterssf.com/
http://www.wikidata.org/entity/Q64005465,Sparrow + Wolf,Point(-115.2012681 36.1265479),"4480 Spring Mountain Rd, Ste 100",Nueva cocina estadounidense,http://sparrowandwolflv.com/
http://www.wikidata.org/entity/Q17062380,Spenger’s Fresh Fish Grotto,Point(-122.29983 37.86816),"1919 4th Street, Berkeley, California, U.S.",,
http://www.wikidata.org/entity/Q61756860,Spice Market Buffet,Point(-115.170045 36.1097438),,,https://www.caesars.com/planet-hollywood/restaurants/spice-market-buffet
http://www.wikidata.org/entity/Q76987468,Splitsville Luxury Lanes,Point(-117.923047 33.809549),1530 S. Disneyland Dr,gastronomía de Estados Unidos,https://disneyland.disney.go.com/dining/downtown-disney-district/splitsville-restaurant/
http://www.wikidata.org/entity/Q76987468,Splitsville Luxury Lanes,Point(-117.923047 33.809549),1530 S. Disneyland Dr,gastronomía de Japón,https://disneyland.disney.go.com/dining/downtown-disney-district/splitsville-restaurant/
http://www.wikidata.org/entity/Q106631068,Spoon & Pork,Point(-118.274597222 34.085366666),,,
http://www.wikidata.org/entity/Q140468452,Spruce,Point(-122.4527 37.7876),,,
http://www.wikidata.org/entity/Q122199213,Ssal,Point(-122.421944444 37.797361111),,,
http://www.wikidata.org/entity/Q64166165,St. John's Bar & Grill,Point(-121.9951621 37.3824605),"510 Lawrence Expy, Ste 110",gastronomía de Estados Unidos,https://stjohnsgrill.com/
http://www.wikidata.org/entity/Q116544921,Stage III Cocktail Lounge and Restaurant,Point(-115.172791101 36.132876675),"3135 Industrial Rd, Las Vegas, NV 89109",,
http://www.wikidata.org/entity/Q111343333,Station House Cafe,Point(-122.805052366 38.067597493),11180 CA-1,gastronomía de Estados Unidos,https://stationhousecafe.com/
http://www.wikidata.org/entity/Q76429751,Steakhouse 55,Point(-117.927661 33.808604),1150 W Magic Way,,https://disneyland.disney.go.com/dining/disneyland-hotel/steakhouse-55/
http://www.wikidata.org/entity/Q61657353,Stone and Embers,Point(-123.434339 39.059144),,Nueva cocina estadounidense,https://stoneandembers.com/
http://www.wikidata.org/entity/Q76366440,Storytellers Café,Point(-117.921846 33.807901),,,https://disneyland.disney.go.com/dining/grand-californian-hotel/storytellers-cafe/
http://www.wikidata.org/entity/Q75469688,Studio Catering Co.,Point(-117.91686 33.80795),,,https://disneyland.disney.go.com/dining/disney-california-adventure/studio-catering-co/
http://www.wikidata.org/entity/Q7637817,Summit Inn,Point(-117.435 34.3591),,,
http://www.wikidata.org/entity/Q7641264,Sunset Grill,Point(-118.351944444 34.098055555),,,http://sunsetgrillla.com/
http://www.wikidata.org/entity/Q126171446,Superburger,Point(-122.7011668 38.4475511),"1501 4th Street, Santa Rosa, CA 95404",,https://www.originalsuperburger.com/
http://www.wikidata.org/entity/Q76428471,Surfside Lounge,Point(-117.924373 33.806247),,gastronomía de Estados Unidos,https://disneyland.disney.go.com/dining/paradise-pier-hotel/surfside-lounge/
http://www.wikidata.org/entity/Q60639386,Sushi Fly,Point(-121.894332 36.599596),413 Alvarado Street,,http://www.sushifly.us/
http://www.wikidata.org/entity/Q135301115,Sushi Inaba,Point(-118.3531 33.8398),,,
http://www.wikidata.org/entity/Q115806531,Sushi Kaneyoshi,Point(-118.241388888 34.050138888),,,
http://www.wikidata.org/entity/Q139967923,Sushi Shin,Point(-122.232 37.4866),,gastronomía de Japón,http://sushishinredwoodcity.com/
http://www.wikidata.org/entity/Q115803025,Sushi Tadokoro,Point(-117.191388888 32.748388888),,,
http://www.wikidata.org/entity/Q61980897,Sushisamba,Point(-115.167579 36.124571),,gastronomía de Japón,https://sushisamba.com/
http://www.wikidata.org/entity/Q61980897,Sushisamba,Point(-115.167579 36.124571),,gastronomía de Brasil,https://sushisamba.com/
http://www.wikidata.org/entity/Q61980897,Sushisamba,Point(-115.167579 36.124571),,gastronomía del Perú,https://sushisamba.com/
http://www.wikidata.org/entity/Q125895323,Sweet Rose Creamery,Point(-118.49039 34.04729),,,
http://www.wikidata.org/entity/Q63955326,Sweet Scoops Homemade Ice Cream,Point(-122.4565996 38.293464),408 1ST ST E,,http://www.sweetscoopsicecream.com/
http://www.wikidata.org/entity/Q56481286,Swiss Hotel,Point(-122.458008 38.2938),,,
http://www.wikidata.org/entity/Q64149105,THE Steak House,Point(-115.1654586 36.1378156),2880 S. Las Vegas Blvd,gastronomía de Estados Unidos,https://circuscircus.mgmresorts.com/en/restaurants/the-steak-house.html
http://www.wikidata.org/entity/Q125946442,Tac/Quila,Point(-116.5468 33.8288),,,
http://www.wikidata.org/entity/Q107011918,"Taco Bell Cantina (Pacifica, California)",Point(-122.503753904 37.597527885),"5200 CA-1, Pacifica, CA 94044",,https://locations.tacobell.com/ca/pacifica/5200-coast-highway.html?utm_source=yext&utm_campaign=googlelistings&utm_medium=referral&utm_term=030754&utm_content=website&y_source=1_NjE0MzE0NS03MTUtbG9jYXRpb24uZ29vZ2xlX3dlYnNpdGVfb3ZlcnJpZGU%3D
http://www.wikidata.org/entity/Q107673698,Taco Bell Cantina in Las Vegas,Point(-115.172198473 36.108500312),"3717 S Las Vegas Blvd Suite 140-A, Las Vegas, NV 89109",,https://locations.tacobell.com/nv/las-vegas/3717-south-las-vegas-blvd.html
http://www.wikidata.org/entity/Q115907624,Taco María,Point(-117.92575 33.694722222),,gastronomía de México,
http://www.wikidata.org/entity/Q7674616,Tadich Grill,Point(-122.399 37.7934),,,http://www.tadichgrill.com
http://www.wikidata.org/entity/Q140935674,Tailgate Beach Club,Point(-115.1762 36.0909),,,https://www.tailgatebeachclub.com
http://www.wikidata.org/entity/Q104868911,Taix,Point(-118.2614 34.0782),,gastronomía de Francia,
http://www.wikidata.org/entity/Q7680476,Tam O'Shanter Inn,Point(-118.2642 34.12547),,,http://www.lawrysonline.com/tam-oshanter
http://www.wikidata.org/entity/Q76432584,Tangaroa Terrace Tropical Bar & Grill,Point(-117.926581 33.808371),1150 Magic Way,gastronomía de Estados Unidos,https://disneyland.disney.go.com/dining/disneyland-hotel/tangaroa-terrace/
http://www.wikidata.org/entity/Q76432584,Tangaroa Terrace Tropical Bar & Grill,Point(-117.926581 33.808371),1150 Magic Way,Gastronomía de Hawái,https://disneyland.disney.go.com/dining/disneyland-hotel/tangaroa-terrace/
http://www.wikidata.org/entity/Q61656437,Tao Las Vegas,Point(-115.170083 36.122666),,,https://taolasvegas.com/
http://www.wikidata.org/entity/Q60618815,Taqueria La Hacienda,Point(-122.482626 38.315323),17960 Sonoma Highway,gastronomía de México,
http://www.wikidata.org/entity/Q76157191,Taqueria at Tortilla Jo's,Point(-117.923751 33.809278),1313 S Harbor Blvd,gastronomía de México,https://disneyland.disney.go.com/dining/downtown-disney-district/taqueria-tortilla-jos/
http://www.wikidata.org/entity/Q7686852,Tartine,Point(-122.424 37.7617),,,https://tartinebakery.com
http://www.wikidata.org/entity/Q107015132,Tasca Tasca,Point(-122.459532 38.292217415),,gastronomía de Portugal,https://www.tascatasca.com/
http://www.wikidata.org/entity/Q75334527,Taste Pilots' Grill,Point(-117.919691 33.808032),,,
http://www.wikidata.org/entity/Q106367526,Taub Family Outpost,Point(-122.458955907 38.292200823),497 1st St W,,https://taubfamilyoutpost.com/
http://www.wikidata.org/entity/Q106367526,Taub Family Outpost,Point(-122.459144 38.292171),497 1st St W,,https://taubfamilyoutpost.com/
http://www.wikidata.org/entity/Q7691971,Teatro ZinZanni,Point(-122.403 37.805),,,http://www.zinzanni.org/
http://www.wikidata.org/entity/Q79550142,Tequila Taqueria,Point(-115.168936 36.113842),,gastronomía de México,https://tequilataquerialv.com/
http://www.wikidata.org/entity/Q63780910,Thai BBQ,Point(-115.224439 36.112964),,gastronomía de Tailandia,http://thaioriginalbbq-lv.com/
http://www.wikidata.org/entity/Q107793760,The Alchemists' Garden,Point(-120.688584837 35.626664274),"1144 Pine St, Paso Robles, CA 93446",,https://www.alchemistsgarden.com/
http://www.wikidata.org/entity/Q7714013,The Apple Pan,Point(-118.428 34.0407),10801 West Pico Boulevard,,https://theapplepan.com/
http://www.wikidata.org/entity/Q115524637,The Backstreet Bar and Grill,Point(-115.198722528 36.098654941),"5012 S Arville St., Las Vegas, NV 89118",,
http://www.wikidata.org/entity/Q111170440,The Bigg Chill,Point(-118.431388888 34.043722222),,,
http://www.wikidata.org/entity/Q81007075,The Black Sheep,Point(-115.281044 36.056241),,gastronomía de Estados Unidos,https://blacksheepvegas.com/
http://www.wikidata.org/entity/Q81007075,The Black Sheep,Point(-115.281044 36.056241),,gastronomía de Vietnam,https://blacksheepvegas.com/
http://www.wikidata.org/entity/Q61794973,The Buffet,Point(-115.163973 36.127566),,,https://www.wynnlasvegas.com/Dining/CasualDining/TheBuffet
http://www.wikidata.org/entity/Q107674527,The Buffet at ARIA,Point(-115.177644197 36.107045499),"3730 S Las Vegas Blvd, Las Vegas, NV 89158",,https://www.mgmresorts.com/en/restaurants/aria/the-buffet.html
http://www.wikidata.org/entity/Q61969665,The Buffet at Bellagio,Point(-115.176592 36.113443),3600 S Las Vegas Boulevard,,
http://www.wikidata.org/entity/Q61970239,The Buffet at Luxor,Point(-115.176135 36.0953),3900 S Las Vegas Boulevard,,https://www.luxor.com/en/restaurants/the-buffet-at-luxor.html
http://www.wikidata.org/entity/Q28222826,The Bywater,Point(-121.978915 37.232732),,,http://www.thebywaterca.com/
http://www.wikidata.org/entity/Q63963558,The Canyon Villa A Luxurious & Intimate Inn,Point(-120.7149797 35.6108942),1455 Kiler Canyon Road,,https://thecanyonvilla.com/
http://www.wikidata.org/entity/Q18636210,The Cat & Fiddle,Point(-118.333055555 34.098055555),,gastronomía del Reino Unido,http://thecatandfiddle.com
http://www.wikidata.org/entity/Q1731835,The Crab Cooker,Point(-117.9273 33.61),,producto del mar,http://www.crabcooker.com
http://www.wikidata.org/entity/Q80260186,The Crack Shack,Point(-115.176032 36.104611),,carne de pollo,https://www.crackshack.com/location/las-vegas/
http://www.wikidata.org/entity/Q48971966,The Doll House,Point(-116.5464 33.8365),,,
http://www.wikidata.org/entity/Q7730657,The Donut Hole,Point(-117.952 34.0371),,,
http://www.wikidata.org/entity/Q60620827,The Fish Hopper,Point(-121.899586 36.616444),700 Cannery Row,producto del mar,https://www.fishhopper.com/monterey/
http://www.wikidata.org/entity/Q106686994,The Flame,Point(-115.178132188 36.131139491),"1 W Desert Inn Rd, Las Vegas, NV 89109",,
http://www.wikidata.org/entity/Q56567827,The Gables,Point(-122.693009 38.393524),4257 PETALUMA HILL ROAD,,https://www.thegablesinn.com/
http://www.wikidata.org/entity/Q126012559,The Garden Restaurant,Point(-117.068101307 32.772620965),,,https://www.eatatsdsu.com/The-Garden-Menu
http://www.wikidata.org/entity/Q58223852,The Golden Pig,Point(-123.116581 38.973325),,,http://www.thegoldenpig.com/
http://www.wikidata.org/entity/Q7738207,The Green Shack,Point(-115.114722 36.157778),,,
http://www.wikidata.org/entity/Q7739860,The Hitching Post,Point(-120.53 34.8383),,steakhouse,http://www.hitchingpost1.com/
http://www.wikidata.org/entity/Q16892740,The Ivy (Los Angeles),Point(-118.384 34.0757),,,http://theivyrestaurants.com
http://www.wikidata.org/entity/Q107674295,The Mayfair Supper Club,Point(-115.175004621 36.112628997),,,
http://www.wikidata.org/entity/Q114082151,The Misfit,Point(-118.4967 34.0154),,,
http://www.wikidata.org/entity/Q109372558,The Office Bar & Bistro,Point(-123.205818086 39.145539693),131 E Mill St,,https://theofficeukiah.com/
http://www.wikidata.org/entity/Q111912023,The Old Clam House,Point(-122.40486 37.74313),299 Bayshore Boulevard,,
http://www.wikidata.org/entity/Q63980727,The Oyster Bar,Point(-115.1749359 36.1429464),2411 W Sahara Ave,producto del mar,https://palacestation.sclv.com/Dining/The-Oyster-Bar
http://www.wikidata.org/entity/Q19867465,The Park's Finest,Point(-118.254199 34.066523),,,http://theparksfinest.com
http://www.wikidata.org/entity/Q107718133,The Red Grape,Point(-122.459259079 38.291760012),"529 1st St W, Sonoma, CA 95476",gastronomía de Italia,https://theredgrape.com/
http://www.wikidata.org/entity/Q65093797,The Restaurant at Justin,Point(-120.900861 35.6549539),11680 Chimney Rock Rd,Nueva cocina estadounidense,https://justinwine.com/visit-justin-winery/restaurant.html
http://www.wikidata.org/entity/Q7761267,The Rock Store,Point(-118.788 34.1096),,,http://www.rock-store.com
http://www.wikidata.org/entity/Q24894896,The Sardine Factory,Point(-121.901576 36.615636),,,http://sardinefactory.com/
http://www.wikidata.org/entity/Q64748933,The Shore Room,Point(-119.8104484 39.5252051),,gastronomía mediterránea,
http://www.wikidata.org/entity/Q7766549,The Stinking Rose,Point(-118.37666667 34.06666667),,gastronomía de Italia,http://thestinkingrose.com/
http://www.wikidata.org/entity/Q7770212,The Trident,Point(-122.479 37.8536),,,
http://www.wikidata.org/entity/Q76783930,The Tropical Hideaway,Point(-117.919593 33.811527),,Nueva cocina estadounidense,https://disneyland.disney.go.com/dining/disneyland/tropical-hideaway/
http://www.wikidata.org/entity/Q17440538,The Willo Steakhouse,Point(-121.057 39.2687),,steakhouse,http://www.thewillo.com
http://www.wikidata.org/entity/Q117742320,Tin Angel,Point(-122.401589 37.803175),"981 Embarcadero, San Francisco, California, U.S.",,
http://www.wikidata.org/entity/Q58223141,Tips Roadside,Point(-122.555921 38.424366),,,https://www.tipsroadside.com
http://www.wikidata.org/entity/Q7814945,Tom Bergin's,Point(-118.36263 34.06003),,,
http://www.wikidata.org/entity/Q61744742,Tom's Urban,Point(-115.173846 36.102965),,gastronomía de Estados Unidos,https://tomsurban.com/las-vegas/
http://www.wikidata.org/entity/Q135900347,TomTom Restaurant & Bar,Point(-118.3848 34.084),8932 Santa Monica Blvd,,https://www.tomtombar.la/
http://www.wikidata.org/entity/Q7820969,Tonga Room,Point(-122.41 37.7921),,,
http://www.wikidata.org/entity/Q21016270,Tony's Pizza Napoletana,Point(-122.408888888 37.8),,gastronomía de Italia,http://tonyspizzanapoletana.com/
http://www.wikidata.org/entity/Q116480993,Tony's of North Beach,Point(-122.722598446 38.361103546),288 Golf Course Dr W,gastronomía de Italia,https://www.gratonresortcasino.com/restaurants/tonys-of-north-beach/
http://www.wikidata.org/entity/Q7824679,Top of the Mark,Point(-122.41 37.7916),,,http://www.intercontinentalmarkhopkins.com/top-of-the-mark.aspx
http://www.wikidata.org/entity/Q76981660,Tortilla Jo's,Point(-117.923725 33.809479),1510 Disneyland Dr,gastronomía de México,https://disneyland.disney.go.com/dining/downtown-disney-district/tortilla-jos/
http://www.wikidata.org/entity/Q125756747,Townie Bagels,Point(-116.5413 33.8122),,,
http://www.wikidata.org/entity/Q110722986,Trabuco Oaks Steakhouse,Point(-117.5899 33.6605),,,
http://www.wikidata.org/entity/Q116392048,Tramps,Point(-115.149567219 36.10599315),"4640 Paradise Rd, Las Vegas, NV 89169",,
http://www.wikidata.org/entity/Q60191847,Trillium Cafe and Inn,Point(-123.801576 39.305061),10390 Kasten St,Gastronomía de California,http://trilliummendocino.com/
http://www.wikidata.org/entity/Q76785235,Troubadour Tavern,Point(-117.918776 33.814461),,gastronomía de Estados Unidos,https://disneyland.disney.go.com/dining/disneyland/troubadour-tavern/
http://www.wikidata.org/entity/Q61981218,Twist by Pierre Gagnaire,Point(-115.174679 36.106131),,gastronomía de Francia,https://www.waldorfastorialasvegas.com/dining/twist-by-pierre-gagnaire/
http://www.wikidata.org/entity/Q133828746,Two Birds/One Stone,Point(-122.4975 38.525277777),,,
http://www.wikidata.org/entity/Q132477558,UEDF Fish & Chips,Point(-118.134527777 34.183555555),,,
http://www.wikidata.org/entity/Q21593108,Ubuntu,Point(-122.286305555 38.300416666),,,
http://www.wikidata.org/entity/Q109353128,Ukiah Brewing Company & Restaurant,Point(-123.20787269 39.149894895),102 S State St,gastronomía de Estados Unidos,https://ukiahbrewing.com/
http://www.wikidata.org/entity/Q64148729,Umi by Hamasaku,Point(-118.3947726 33.9024624),860 S Sepulveda Blvd Ste 116,gastronomía de Japón,https://www.umibyhamasaku.com/
http://www.wikidata.org/entity/Q76157584,Uva Bar & Cafe,Point(-117.922957 33.809073),1580 Disneyland Dr,,https://disneyland.disney.go.com/dining/downtown-disney-district/uva-bar/
http://www.wikidata.org/entity/Q121189518,Valentino,Point(-118.457083333 34.02625),,,
http://www.wikidata.org/entity/Q121143504,Valle,Point(-117.383416666 33.194638888),,,
http://www.wikidata.org/entity/Q97136432,Valley Bar + Bottle Shop,Point(-122.459193 38.292319),487 1st West,,https://www.valleybarandbottle.com/
http://www.wikidata.org/entity/Q111548931,Veggie Grill,Point(-122.1122864 37.4026863),"565 San Antonio Rd, Mountain View",,https://veggiegrill.com/locations/mountain-view/
http://www.wikidata.org/entity/Q121189838,Vespertine,Point(-118.381805555 34.024166666),,,
http://www.wikidata.org/entity/Q111364690,Vic & Anthony's Steakhouse,Point(-115.144950793 36.170003218),129 East Fremont Street,,https://www.vicandanthonys.com/location/las-vegas/
http://www.wikidata.org/entity/Q116152702,Vicious Rumors,Point(-115.176518526 36.073229818),"6370 Windy Rd, Las Vegas, NV 89119",,
http://www.wikidata.org/entity/Q61981674,Vince Neil's Tatuado EAT DRINK PARTY,Point(-115.163755 36.13733),,gastronomía de Estados Unidos,https://www.tatuadoeatdrinkparty.com/
http://www.wikidata.org/entity/Q132477483,Vittorio's,Point(-118.5446 34.0479),,,
http://www.wikidata.org/entity/Q107708684,Wahpepah's Kitchen,Point(-122.224300468 37.776366455),"3301 E 12th St #133, Oakland, CA 94601",Native American cuisine in the United States,https://wahpepahskitchen.com
http://www.wikidata.org/entity/Q121189715,Wako,Point(-122.461555555 37.782972222),,,
http://www.wikidata.org/entity/Q7972209,Washington Square Bar and Grill,Point(-122.411 37.8004),,,
http://www.wikidata.org/entity/Q7972618,Washoe House,Point(-122.736 38.3143),,,
http://www.wikidata.org/entity/Q80235445,Water Grill,Point(-115.176687 36.117454),,producto del mar,https://www.watergrill.com/vegas
http://www.wikidata.org/entity/Q21016322,Water Grill,Point(-118.254702777 34.049005555),,,http://watergrill.com
http://www.wikidata.org/entity/Q108866936,Waterbar,Point(-122.389027496 37.790473844),,producto del mar,https://www.waterbarsf.com/
http://www.wikidata.org/entity/Q64149051,Weera Thai,Point(-115.193131 36.143955),3839 W Sahara Ave Ste 7-9,gastronomía de Tailandia,https://www.weerathai.com/
http://www.wikidata.org/entity/Q63456642,West - Handmade Burgers,Point(-122.480083 38.311478),,gastronomía de Estados Unidos,
http://www.wikidata.org/entity/Q106687718,Westside Story,Point(-115.153365888 36.188560783),"901 W Owens Ave, Las Vegas, NV 89106",,
http://www.wikidata.org/entity/Q7997481,Whoa Nellie Deli,Point(-119.113 37.9473),,,
http://www.wikidata.org/entity/Q7998090,Wich Stand,Point(-118.354 33.9886),,,https://www.simplywholesome.com/
http://www.wikidata.org/entity/Q61981727,Wicked Spoon,Point(-115.176149 36.10955),,,https://www.cosmopolitanlasvegas.com/restaurants/wicked-spoon
http://www.wikidata.org/entity/Q63953227,Wild Goat Bistro,Point(-122.6390316 38.2341219),6 Petaluma Blvd N,,https://wildgoatbistro.com
http://www.wikidata.org/entity/Q109372090,Windmills Cafe,Point(-123.205900982 39.141418926),749 S State Street,,https://windmillscafe.weebly.com/
http://www.wikidata.org/entity/Q75837431,Wine Country Trattoria,Point(-117.920081 33.806514),,gastronomía de Italia,https://disneyland.disney.go.com/dining/disney-california-adventure/wine-country-trattoria/
http://www.wikidata.org/entity/Q61981833,Wing Lei,Point(-115.165697 36.125638),,gastronomía de China,https://www.wynnlasvegas.com/dining/fine-dining/wing-lei
http://www.wikidata.org/entity/Q114810771,Wing's Chinese Restaurant,Point(-121.895833333 37.348333333),,gastronomía de Sichuan,http://www.wingsofsanjose.com/
http://www.wikidata.org/entity/Q114810771,Wing's Chinese Restaurant,Point(-121.895833333 37.348333333),,gastronomía de Pekín,http://www.wingsofsanjose.com/
http://www.wikidata.org/entity/Q111357004,Wit & Wisdom,Point(-122.460517528 38.277346633),1325 Broadway,,https://www.witandwisdomsonoma.com
http://www.wikidata.org/entity/Q140478262,Wolfsbane,Point(-122.3881 37.7581),,,
http://www.wikidata.org/entity/Q17040364,Workshop Kitchen + Bar,Point(-116.547 33.8342),,,http://workshoppalmsprings.com/
http://www.wikidata.org/entity/Q61981969,Yellowtail Japanese Restaurant & Lounge,Point(-115.174986 36.112941),,gastronomía de Japón,https://yellowtaillasvegas.com/
http://www.wikidata.org/entity/Q122941973,Yess,Point(-118.232222222 34.034722222),,,
http://www.wikidata.org/entity/Q61992058,Yonaka Modern Japanese,Point(-115.20994 36.114892),,gastronomía de Japón,
http://www.wikidata.org/entity/Q120679397,Yuca's,Point(-118.287305555 34.109138888),,,https://yucasla.com/
http://www.wikidata.org/entity/Q28403620,Zazie Restaurant,Point(-122.45 37.76524),,,
http://www.wikidata.org/entity/Q8075291,Zuni Café,Point(-122.421 37.7737),,gastronomía de Francia,
http://www.wikidata.org/entity/Q8075291,Zuni Café,Point(-122.421 37.7737),,gastronomía de Italia,
http://www.wikidata.org/entity/Q65084493,n/naka,Point(-118.4121872 34.0251212),"3455 S. Overland Avenue, Los Angeles, California, 90034, United States",Kaiseki,https://n-naka.com/
http://www.wikidata.org/entity/Q65084493,n/naka,Point(-118.4121872 34.0251212),"3455 S. Overland Avenue, Los Angeles, California, 90034, United States",gastronomía de Japón,https://n-naka.com/
http://www.wikidata.org/entity/Q17505185,the girl & the fig,Point(-122.458836111 38.294083333),,gastronomía de Francia,http://www.thegirlandthefig.com/
http://www.wikidata.org/entity/Q58222980,zazu kitchen + farm,Point(-122.820969 38.403948),,,http://zazukitchen.com/
http://www.wikidata.org/entity/Q61970550,É by José Andrés,Point(-115.175389 36.10995),,gastronomía de España,http://www.ebyjoseandres.com/
http://www.wikidata.org/entity/Q125697132,Éstom Jámani Hall,Point(-121.8485473 39.73073581),"521 Legion Avenue Chico, CA 95929",,
http://www.wikidata.org/entity/Q28222778,Adega,Point(-121.858333333 37.351111111),,gastronomía de Portugal,http://www.adegarest.com/
http://www.wikidata.org/entity/Q4716591,Alex,Point(-115.166 36.1294),,gastronomía de Francia,
http://www.wikidata.org/entity/Q60766970,Atelier Crenn,Point(-122.436 37.7984),,gastronomía de Francia,https://www.ateliercrenn.com/
http://www.wikidata.org/entity/Q108195936,Basilico's,Point(-117.954166666 33.650194444),,,
http://www.wikidata.org/entity/Q4873561,Baumé,Point(-122.143 37.4281),,gastronomía de Francia,http://www.maisonbaume.com/
http://www.wikidata.org/entity/Q116973080,Bell's,Point(-120.279361111 34.743972222),"406 Bell Street, Los Alamos, CA 93440",gastronomía de Francia,https://www.bellsrestaurant.com
http://www.wikidata.org/entity/Q28226396,Benu,Point(-122.399112 37.785407),22 Hawthorne Street,Nueva cocina estadounidense,http://www.benusf.com
http://www.wikidata.org/entity/Q5033602,Canter's,Point(-118.362 34.0788),,,http://www.cantersdeli.com
http://www.wikidata.org/entity/Q141186229,Chart House Restaurant,Point(-117.7082 33.4624),"34442 Street of the Green Lantern, 92629 Dana Point",,
http://www.wikidata.org/entity/Q5159338,Condor Club,Point(-122.406685 37.798042),,,
http://www.wikidata.org/entity/Q5159338,Condor Club,Point(-122.407 37.7981),,,
http://www.wikidata.org/entity/Q16890674,Corky's,Point(-118.449 34.1624),,,https://www.chick-fil-a.com/locations/ca/van-nuys-blvd-hesby
http://www.wikidata.org/entity/Q96873688,Degnan's Restaurant,Point(-119.585519 37.748021),,,
http://www.wikidata.org/entity/Q103817694,Forest Cafe,Point(-124.086545918 41.583648368),,,https://www.forestcafe.net/
http://www.wikidata.org/entity/Q130453805,Frolic Room,Point(-118.326 34.101),,,
http://www.wikidata.org/entity/Q6183142,Jerry's Famous Deli,Point(-118.409118 34.14473),,,http://www.jerrysfamousdeli.com
http://www.wikidata.org/entity/Q682004,Madrona Manor,Point(-122.885277777 38.604722222),,Gastronomía de California,http://www.madronamanor.com
http://www.wikidata.org/entity/Q6751531,Manresa,Point(-121.981 37.2272),,Gastronomía de California,http://www.manresarestaurant.com/
http://www.wikidata.org/entity/Q99522743,Muir Woods National Monument Administration-Concession Building,Point(-122.572825 37.893399),,,https://muirwoodstradingcompany.com/
http://www.wikidata.org/entity/Q7073498,Oak Grove Butterfield Stage Station,Point(-116.794097 33.389728),,,
http://www.wikidata.org/entity/Q7102584,Original Spanish Kitchen,Point(-118.351 34.0763),,,
http://www.wikidata.org/entity/Q28452815,Quince,Point(-122.403396 37.797566),,Gastronomía de California,http://quincerestaurant.com/
http://www.wikidata.org/entity/Q130736123,Rincón Chileno,Point(-118.295611111 34.083444444),"4354 Melrose Avenue, CA 90029",,https://rinconchilenola.com/
http://www.wikidata.org/entity/Q18749173,Saison,Point(-122.391944444 37.78),,Nueva cocina estadounidense,http://saisonsf.com/
http://www.wikidata.org/entity/Q65052340,SingleThread,Point(-122.8696 38.6123),131 North Street,gastronomía de Japón,https://www.singlethreadfarms.com/
http://www.wikidata.org/entity/Q752941,Taco Bell,Point(-117.746388888 33.657222222),,,https://www.tacobell.com/
http://www.wikidata.org/entity/Q135441274,Tesla Diner,Point(-118.341861111 34.090944444),,,https://www.tesla.com/tesla-diner
http://www.wikidata.org/entity/Q2364717,The French Laundry,Point(-122.3649712 38.4044403),"6640 Washington St, Yountville, CA",gastronomía de Francia,https://www.thomaskeller.com/tfl
http://www.wikidata.org/entity/Q7760329,The Restaurant at Meadowood,Point(-122.467 38.5222),,,http://www.TheRestaurantAtMeadowood.com
http://www.wikidata.org/entity/Q135742189,Twohey's,Point(-118.15 34.1209),,,
http://www.wikidata.org/entity/Q19903767,Urasawa,Point(-118.400677 34.067398),,gastronomía de Japón,
http://www.wikidata.org/entity/Q7923521,Vesuvio Cafe,Point(-122.406407 37.797535),,,http://www.vesuvio.com
